,date,entry,direction,rr,time_entry,time_exit,win
0,10/18/2021,15060.0,Short,33.0,09:35:00,09:40:00,False
1,10/19/2021,15337.25,Long,32.5,09:35:00,10:55:00,True
2,10/20/2021,15408.25,Short,21.5,09:35:00,09:40:00,False
3,10/21/2021,15366.5,Long,32.75,09:35:00,10:05:00,True
4,10/22/2021,15437.75,Long,33.5,09:35:00,09:45:00,False
5,10/25/2021,15393.0,Short,41.25,09:35:00,09:40:00,True
6,10/26/2021,15632.5,Long,52.75,09:35:00,10:15:00,True
7,10/27/2021,15566.0,Short,35.75,09:35:00,09:40:00,False
8,10/28/2021,15653.75,Short,34.0,09:35:00,09:45:00,False
9,10/29/2021,15653.75,Long,38.25,09:35:00,09:55:00,True
10,11/1/2021,15829.5,Short,39.25,09:35:00,10:00:00,True
11,11/2/2021,15889.5,Long,25.75,09:35:00,09:40:00,True
12,11/3/2021,15951.75,Short,45.75,09:35:00,14:00:00,False
13,11/4/2021,16182.5,Long,25.75,09:35:00,09:45:00,True
14,11/5/2021,16427.75,Long,37.75,09:35:00,09:45:00,False
15,11/8/2021,16376.75,Long,45.0,09:35:00,09:50:00,False
16,11/9/2021,16361.5,Short,30.5,09:35:00,09:45:00,True
17,11/10/2021,16109.25,Long,67.75,09:35:00,09:55:00,True
18,11/11/2021,16074.75,Short,36.0,09:35:00,10:30:00,True
19,11/12/2021,16048.75,Short,29.5,09:35:00,09:40:00,True
20,11/15/2021,16247.75,Long,35.0,09:35:00,09:40:00,False
21,11/16/2021,16202.75,Long,53.75,09:35:00,10:15:00,True
22,11/17/2021,16292.25,Short,30.5,09:50:00,10:10:00,False
23,11/18/2021,16402.75,Long,49.75,09:45:00,10:10:00,False
24,11/19/2021,16559.75,Long,43.75,09:35:00,09:55:00,True
25,11/22/2021,16682.25,Long,44.25,09:35:00,09:45:00,True
26,11/23/2021,16346.75,Long,61.5,09:35:00,09:45:00,True
27,11/24/2021,16136.75,Short,71.75,09:35:00,10:00:00,False
28,11/25/2021,16379.75,Short,11.25,09:35:00,09:40:00,False
29,11/26/2021,16296.5,Long,62.5,09:35:00,09:40:00,False
30,11/29/2021,16217.75,Short,64.25,09:35:00,09:50:00,False
31,11/30/2021,16325.0,Short,47.5,09:35:00,09:45:00,False
32,12/1/2021,16282.0,Short,72.0,09:35:00,10:00:00,False
33,12/2/2021,15873.75,Long,85.5,09:35:00,09:40:00,True
34,12/3/2021,16011.25,Short,79.5,09:35:00,09:40:00,True
35,12/6/2021,15625.0,Short,135.75,09:35:00,10:15:00,False
36,12/7/2021,16161.5,Long,42.75,09:35:00,09:50:00,True
37,12/8/2021,16253.5,Short,80.25,09:35:00,09:45:00,False
38,12/9/2021,16390.25,Long,55.5,09:35:00,09:55:00,False
39,12/10/2021,16318.0,Long,62.75,09:35:00,09:40:00,False
40,12/13/2021,16279.75,Short,57.5,09:35:00,10:20:00,True
41,12/14/2021,15933.5,Long,77.25,09:35:00,10:15:00,False
42,12/15/2021,15865.0,Short,63.0,09:35:00,11:30:00,True
43,12/16/2021,16333.0,Long,50.0,09:35:00,09:40:00,False
44,12/17/2021,15688.75,Short,102.75,09:35:00,09:45:00,False
45,12/20/2021,15606.0,Long,63.25,09:35:00,10:55:00,False
46,12/21/2021,15751.25,Short,47.25,09:35:00,09:45:00,True
47,12/22/2021,15970.75,Long,37.75,09:35:00,09:40:00,True
48,12/23/2021,16218.5,Long,42.25,09:35:00,10:10:00,True
49,12/27/2021,16415.75,Long,71.5,09:35:00,10:20:00,True
50,12/28/2021,16557.25,Short,51.5,09:35:00,10:15:00,True
51,12/29/2021,16545.25,Long,53.5,09:40:00,09:45:00,False
52,12/30/2021,16510.0,Long,47.75,09:35:00,09:40:00,False
53,12/31/2021,16460.0,Long,54.25,09:35:00,09:45:00,False
54,1/3/2022,16449.0,Long,71.0,09:35:00,09:45:00,False
55,1/4/2022,16468.5,Short,43.75,09:40:00,10:00:00,True
56,1/5/2022,16113.5,Short,103.25,09:35:00,09:50:00,False
57,1/6/2022,15797.5,Long,125.75,09:35:00,10:00:00,False
58,1/7/2022,15700.75,Short,77.5,09:35:00,09:40:00,False
59,1/10/2022,15311.0,Short,104.25,09:35:00,10:10:00,True
60,1/11/2022,15578.75,Long,72.5,09:35:00,09:40:00,False
61,1/12/2022,15926.25,Short,66.0,09:40:00,10:05:00,False
62,1/13/2022,15967.0,Long,34.75,09:35:00,09:40:00,False
63,1/14/2022,15458.75,Long,79.25,09:35:00,09:45:00,True
64,1/17/2022,15610.25,Long,23.75,09:35:00,09:40:00,False
65,1/18/2022,15290.0,Short,83.0,09:35:00,09:40:00,False
66,1/19/2022,15316.0,Long,61.75,09:35:00,10:30:00,False
67,1/20/2022,15221.25,Long,61.25,09:40:00,09:55:00,True
68,1/21/2022,14706.5,Short,112.25,09:40:00,10:10:00,True
69,1/24/2022,14227.75,Long,85.75,09:35:00,09:40:00,False
70,1/25/2022,14266.0,Long,82.0,09:35:00,09:45:00,False
71,1/26/2022,14407.75,Short,90.5,09:35:00,10:00:00,False
72,1/27/2022,14275.75,Short,72.5,09:35:00,09:40:00,False
73,1/28/2022,13967.75,Short,134.75,09:35:00,10:50:00,False
74,1/31/2022,14522.0,Long,106.0,09:35:00,09:55:00,True
75,2/1/2022,14865.25,Short,87.0,09:35:00,10:00:00,True
76,2/2/2022,15172.5,Long,80.25,09:35:00,09:40:00,False
77,2/3/2022,14744.5,Long,67.25,09:35:00,10:20:00,True
78,2/4/2022,14454.75,Short,111.0,09:35:00,09:40:00,False
79,2/7/2022,14726.75,Long,57.0,09:35:00,09:50:00,True
80,2/8/2022,14564.25,Long,63.0,09:35:00,10:00:00,False
81,2/9/2022,14936.75,Long,48.75,09:35:00,09:45:00,False
82,2/10/2022,14793.25,Long,58.5,09:35:00,09:40:00,True
83,2/11/2022,14697.75,Short,52.5,09:35:00,09:45:00,False
84,2/14/2022,14262.5,Long,80.75,09:35:00,11:15:00,True
85,2/15/2022,14508.0,Long,61.75,09:35:00,09:50:00,False
86,2/16/2022,14469.75,Short,47.5,09:35:00,09:50:00,True
87,2/17/2022,14484.75,Long,35.75,09:35:00,09:45:00,False
88,2/18/2022,14149.25,Short,69.25,09:35:00,09:55:00,False
89,2/21/2022,13860.5,Short,23.5,09:35:00,09:40:00,True
90,2/22/2022,13870.0,Short,63.5,09:35:00,09:40:00,False
91,2/23/2022,14026.75,Long,50.25,09:35:00,09:40:00,False
92,2/24/2022,13216.0,Long,158.25,09:35:00,10:10:00,True
93,2/25/2022,14001.75,Long,82.5,09:35:00,09:40:00,False
94,2/28/2022,14108.0,Long,75.0,09:35:00,09:40:00,False
95,3/1/2022,14221.0,Long,67.5,09:35:00,10:10:00,False
96,3/2/2022,14021.5,Short,67.0,09:35:00,09:40:00,False
97,3/3/2022,14301.0,Short,54.75,09:35:00,09:45:00,True
98,3/4/2022,13983.0,Long,48.75,09:35:00,09:40:00,False
99,3/7/2022,13808.5,Short,71.5,09:35:00,09:45:00,True
100,3/8/2022,13315.25,Long,80.5,09:35:00,09:40:00,False
101,3/9/2022,13548.25,Short,73.0,09:35:00,10:00:00,False
102,3/10/2022,13498.5,Short,80.75,09:35:00,09:55:00,False
103,3/11/2022,13662.5,Short,61.25,09:35:00,09:50:00,True
104,3/14/2022,13221.75,Short,69.5,09:35:00,09:40:00,False
105,3/15/2022,13149.75,Short,59.0,09:35:00,09:45:00,True
106,3/16/2022,13658.0,Long,46.0,09:35:00,09:40:00,True
107,3/17/2022,13889.25,Long,70.5,09:35:00,09:55:00,True
108,3/18/2022,14065.0,Long,70.25,09:35:00,09:55:00,True
109,3/21/2022,14408.25,Long,50.5,09:35:00,09:40:00,True
110,3/22/2022,14433.75,Long,60.0,09:35:00,10:00:00,True
111,3/23/2022,14492.5,Short,54.75,09:35:00,10:10:00,False
112,3/24/2022,14485.75,Short,43.25,09:35:00,09:40:00,False
113,3/25/2022,14742.5,Short,46.25,09:35:00,10:00:00,True
114,3/28/2022,14815.0,Long,65.5,09:35:00,09:40:00,True
115,3/29/2022,15136.75,Short,83.0,09:45:00,10:10:00,True
116,3/30/2022,15194.5,Long,30.5,09:35:00,09:40:00,False
117,3/31/2022,15029.5,Short,60.75,09:35:00,10:00:00,True
118,4/1/2022,14884.25,Short,48.0,09:35:00,09:50:00,True
119,4/4/2022,14922.0,Long,38.75,09:35:00,09:40:00,True
120,4/5/2022,15095.5,Short,41.0,09:35:00,09:50:00,True
121,4/6/2022,14592.75,Short,51.0,09:35:00,09:40:00,True
122,4/7/2022,14541.25,Long,82.25,09:35:00,10:40:00,False
123,4/8/2022,14402.25,Short,74.75,09:35:00,09:50:00,True
124,4/11/2022,14115.75,Short,62.5,09:35:00,09:45:00,False
125,4/12/2022,14137.0,Short,66.25,09:35:00,09:45:00,False
126,4/13/2022,13967.25,Long,46.5,09:35:00,09:40:00,True
127,4/14/2022,14231.75,Long,36.75,09:35:00,09:40:00,False
128,4/18/2022,13931.25,Long,82.75,09:35:00,09:50:00,False
129,4/19/2022,13852.5,Short,72.5,09:35:00,09:40:00,False
130,4/20/2022,14205.75,Short,64.5,09:35:00,09:40:00,True
131,4/21/2022,14267.75,Long,103.5,09:35:00,10:05:00,False
132,4/22/2022,13706.0,Short,72.0,09:35:00,09:40:00,True
133,4/25/2022,13321.5,Long,59.75,09:35:00,09:45:00,False
134,4/26/2022,13367.0,Short,84.0,09:35:00,09:50:00,True
135,4/27/2022,13118.5,Long,108.75,09:35:00,09:45:00,True
136,4/28/2022,13196.5,Short,84.5,09:35:00,09:50:00,True
137,4/29/2022,13353.75,Long,127.25,09:35:00,10:25:00,False
138,5/2/2022,12810.0,Short,80.0,09:35:00,09:40:00,False
139,5/3/2022,13002.75,Short,77.5,09:35:00,09:55:00,False
140,5/4/2022,13064.25,Short,50.25,09:35:00,10:00:00,True
141,5/5/2022,13272.0,Short,74.5,09:35:00,09:50:00,True
142,5/6/2022,12682.25,Short,110.75,09:35:00,09:45:00,True
143,5/9/2022,12503.0,Long,81.75,09:35:00,09:45:00,False
144,5/10/2022,12472.5,Short,74.75,09:35:00,09:40:00,True
145,5/11/2022,12181.25,Short,139.5,09:35:00,09:40:00,False
146,5/12/2022,11732.75,Short,142.5,09:35:00,09:45:00,False
147,5/13/2022,12090.0,Short,75.0,09:35:00,09:40:00,False
148,5/16/2022,12257.5,Short,77.75,09:35:00,09:40:00,False
149,5/17/2022,12519.25,Long,63.0,09:40:00,09:45:00,False
150,5/18/2022,12397.0,Long,46.75,09:35:00,09:40:00,False
151,5/19/2022,11938.75,Long,74.75,09:35:00,09:45:00,False
152,5/20/2022,11991.25,Short,62.0,09:35:00,10:05:00,True
153,5/23/2022,11846.0,Short,57.75,09:35:00,09:40:00,False
154,5/24/2022,11784.25,Short,63.5,09:35:00,09:45:00,True
155,5/25/2022,11796.25,Long,88.5,09:35:00,10:25:00,True
156,5/26/2022,11984.5,Long,85.75,09:35:00,09:45:00,True
157,5/27/2022,12470.25,Long,68.5,09:35:00,10:00:00,True
158,5/30/2022,12755.25,Short,19.75,09:35:00,09:55:00,False
159,5/31/2022,12579.75,Short,108.5,09:35:00,11:50:00,False
160,6/1/2022,12798.75,Long,67.5,09:35:00,10:05:00,False
161,6/2/2022,12523.5,Long,81.25,09:40:00,10:10:00,True
162,6/3/2022,12641.5,Short,75.75,09:35:00,10:00:00,False
163,6/6/2022,12736.0,Short,49.75,09:35:00,09:45:00,True
164,6/7/2022,12485.25,Long,73.0,09:35:00,09:50:00,True
165,6/8/2022,12687.75,Long,60.5,09:35:00,09:45:00,True
166,6/9/2022,12519.5,Short,79.5,09:40:00,09:50:00,False
167,6/10/2022,11976.0,Short,114.25,09:35:00,10:20:00,True
168,6/13/2022,11553.5,Long,90.0,09:35:00,10:10:00,False
169,6/14/2022,11385.5,Short,56.75,09:35:00,09:40:00,True
170,6/15/2022,11466.25,Short,53.5,09:35:00,09:40:00,False
171,6/16/2022,11277.25,Short,72.75,09:35:00,10:15:00,True
172,6/17/2022,11282.0,Long,97.75,09:35:00,10:20:00,False
173,6/20/2022,11339.5,Short,36.75,09:45:00,10:00:00,False
174,6/21/2022,11529.0,Long,53.5,09:35:00,09:40:00,True
175,6/22/2022,11526.5,Long,80.0,09:45:00,09:55:00,True
176,6/23/2022,11618.75,Short,65.0,09:35:00,09:50:00,True
177,6/24/2022,11907.5,Long,69.0,09:35:00,09:50:00,True
178,6/27/2022,12113.75,Short,98.5,09:35:00,15:05:00,True
179,6/28/2022,12172.75,Long,125.75,09:35:00,10:05:00,False
180,6/29/2022,11579.0,Short,111.5,09:35:00,09:50:00,False
181,6/30/2022,11504.0,Short,84.25,09:35:00,09:50:00,True
182,7/1/2022,11456.5,Short,79.25,09:35:00,09:45:00,False
183,7/4/2022,11558.25,Short,12.75,09:35:00,09:40:00,True
184,7/5/2022,11466.0,Long,77.0,09:45:00,10:35:00,True
185,7/6/2022,11803.25,Short,79.5,09:35:00,14:05:00,False
186,7/7/2022,11993.25,Long,75.25,09:35:00,10:50:00,True
187,7/8/2022,12048.0,Long,60.25,09:35:00,09:50:00,False
188,7/11/2022,12010.0,Short,52.0,09:35:00,09:40:00,True
189,7/12/2022,11985.25,Long,57.0,09:35:00,09:45:00,False
190,7/13/2022,11621.5,Long,99.25,09:35:00,10:30:00,True
191,7/14/2022,11584.25,Short,100.5,09:35:00,11:40:00,False
192,7/15/2022,11977.75,Long,56.0,09:35:00,09:40:00,False
193,7/18/2022,12158.25,Long,68.75,09:45:00,13:30:00,False
194,7/19/2022,12040.75,Short,40.25,09:35:00,09:45:00,True
195,7/20/2022,12304.0,Long,46.75,09:35:00,09:50:00,True
196,7/21/2022,12443.75,Short,69.5,09:35:00,09:50:00,False
197,7/22/2022,12614.0,Long,41.25,09:35:00,09:45:00,True
198,7/25/2022,12407.75,Short,36.5,09:35:00,09:40:00,True
199,7/26/2022,12227.5,Short,64.0,09:35:00,10:30:00,True
200,7/27/2022,12326.75,Long,50.5,09:35:00,09:45:00,True
201,7/28/2022,12592.25,Short,62.0,09:35:00,09:40:00,True
202,7/29/2022,12772.25,Short,49.25,09:35:00,09:40:00,False
203,8/1/2022,12910.75,Long,59.25,09:35:00,09:45:00,True
204,8/2/2022,12917.75,Long,65.0,09:35:00,10:05:00,False
205,8/3/2022,13058.75,Long,69.5,09:35:00,10:00:00,True
206,8/4/2022,13291.5,Long,46.5,09:35:00,09:45:00,True
207,8/5/2022,13184.25,Long,70.0,09:35:00,10:10:00,True
208,8/8/2022,13319.5,Long,87.75,09:35:00,09:55:00,True
209,8/10/2022,13296.75,Short,58.5,09:35:00,10:20:00,True
210,8/11/2022,13504.0,Long,48.75,09:40:00,10:10:00,True
211,8/12/2022,13370.75,Short,45.75,09:35:00,09:40:00,False
212,8/15/2022,13601.0,Long,67.0,09:35:00,12:55:00,True
213,8/16/2022,13627.0,Short,32.5,09:35:00,09:50:00,True
214,8/17/2022,13542.25,Long,30.0,09:35:00,09:40:00,False
215,8/18/2022,13438.5,Short,59.75,09:35:00,09:45:00,False
216,8/19/2022,13388.25,Short,37.25,09:35:00,09:40:00,True
217,8/22/2022,13035.5,Short,57.0,09:35:00,10:20:00,True
218,8/23/2022,12943.5,Long,50.5,09:35:00,09:40:00,False
219,8/24/2022,12856.5,Short,50.5,09:35:00,09:50:00,False
220,8/25/2022,12973.25,Short,41.25,09:35:00,09:55:00,False
221,8/26/2022,13157.5,Long,41.75,09:35:00,09:45:00,False
222,8/29/2022,12568.75,Long,90.25,09:35:00,10:50:00,False
223,8/30/2022,12538.5,Short,49.0,09:35:00,09:45:00,True
224,8/31/2022,12410.5,Short,67.25,09:35:00,09:40:00,False
225,9/1/2022,12192.0,Long,51.75,09:40:00,10:00:00,False
226,9/2/2022,12318.25,Short,97.0,09:35:00,10:30:00,False
227,9/5/2022,12115.25,Long,11.25,09:35:00,09:40:00,True
228,9/6/2022,12097.5,Short,71.75,09:35:00,09:55:00,True
229,9/7/2022,12083.25,Long,47.5,09:35:00,10:15:00,False
230,9/8/2022,12118.25,Short,58.5,09:35:00,09:40:00,False
231,9/9/2022,12469.75,Long,54.5,09:35:00,10:00:00,True
232,9/12/2022,12686.0,Long,44.75,09:40:00,09:55:00,True
233,9/13/2022,12361.5,Short,65.75,09:35:00,10:00:00,True
234,9/14/2022,12100.0,Short,80.0,09:35:00,09:40:00,False
235,9/15/2022,12150.25,Long,40.25,09:40:00,09:45:00,True
236,9/16/2022,11805.5,Short,66.0,09:40:00,10:10:00,False
237,9/19/2022,11883.75,Long,68.25,09:40:00,10:35:00,True
238,9/20/2022,11910.25,Short,37.0,09:35:00,10:05:00,False
239,9/21/2022,11940.25,Short,37.0,09:35:00,09:45:00,False
240,9/22/2022,11632.0,Short,50.5,09:35:00,09:50:00,True
241,9/23/2022,11427.5,Short,43.75,09:35:00,09:40:00,True
242,9/26/2022,11433.25,Long,91.0,09:35:00,10:15:00,True
243,9/27/2022,11531.0,Long,70.25,09:35:00,10:00:00,False
244,9/28/2022,11340.25,Long,74.5,09:40:00,10:35:00,True
245,9/29/2022,11362.5,Short,40.0,09:35:00,09:40:00,True
246,9/30/2022,11173.25,Short,72.25,09:35:00,09:50:00,False
247,10/3/2022,11060.75,Short,66.25,09:35:00,09:45:00,False
248,10/4/2022,11562.75,Long,48.75,09:35:00,09:55:00,True
249,10/5/2022,11478.0,Short,61.25,09:40:00,10:15:00,True
250,10/6/2022,11657.25,Long,68.25,09:35:00,10:00:00,False
251,10/7/2022,11348.25,Long,52.75,09:35:00,09:40:00,False
252,10/10/2022,11051.75,Short,74.5,09:35:00,10:35:00,True
253,10/11/2022,10892.5,Short,52.5,09:35:00,09:55:00,True
254,10/12/2022,10874.75,Long,69.5,09:35:00,09:45:00,True
255,10/13/2022,10541.75,Long,57.25,09:35:00,09:50:00,True
256,10/14/2022,11105.25,Short,102.5,09:40:00,10:00:00,True
257,10/17/2022,11055.0,Long,56.25,09:35:00,09:40:00,True
258,10/18/2022,11376.5,Short,55.5,09:35:00,09:50:00,True
259,10/19/2022,11192.75,Long,74.25,09:35:00,09:40:00,False
260,10/20/2022,11103.25,Short,58.5,09:35:00,09:40:00,False
261,10/21/2022,11085.25,Long,90.25,09:40:00,10:05:00,True
262,10/24/2022,11372.5,Long,72.25,09:35:00,10:00:00,False
263,10/25/2022,11572.25,Long,57.5,09:45:00,09:50:00,True
264,10/26/2022,11493.5,Long,60.75,09:35:00,10:00:00,True
265,10/27/2022,11400.25,Short,64.0,09:35:00,09:45:00,True
266,10/28/2022,11306.75,Long,100.75,09:35:00,10:30:00,True
267,10/31/2022,11453.0,Short,69.75,09:40:00,10:30:00,True
268,11/1/2022,11576.0,Short,43.25,09:35:00,09:45:00,True
269,11/2/2022,11271.0,Short,70.25,10:10:00,12:35:00,True
270,11/3/2022,10790.75,Short,58.0,09:40:00,09:55:00,True
271,11/4/2022,10863.25,Short,100.75,09:35:00,09:40:00,True
272,11/7/2022,10893.75,Short,75.25,09:35:00,14:15:00,False
273,11/8/2022,11031.0,Short,52.25,09:35:00,09:50:00,False
274,11/9/2022,11019.0,Long,50.25,09:45:00,09:55:00,False
275,11/10/2022,11330.75,Short,64.25,09:35:00,09:50:00,False
276,11/11/2022,11583.75,Short,60.75,09:35:00,09:45:00,False
277,11/14/2022,11738.0,Short,47.75,09:35:00,10:05:00,False
278,11/15/2022,12017.25,Short,46.5,09:35:00,09:45:00,True
279,11/16/2022,11793.75,Short,42.75,09:45:00,09:50:00,True
280,11/17/2022,11587.5,Long,44.0,09:35:00,09:45:00,True
281,11/18/2022,11762.5,Short,80.25,09:35:00,10:05:00,True
282,11/21/2022,11631.75,Short,62.5,09:35:00,09:50:00,False
283,11/22/2022,11587.75,Short,40.75,09:35:00,09:40:00,True
284,11/23/2022,11776.5,Long,31.5,09:35:00,09:45:00,True
285,11/24/2022,11912.0,Short,6.75,09:35:00,09:40:00,True
286,11/28/2022,11754.0,Long,60.25,09:35:00,10:25:00,False
287,11/29/2022,11597.75,Short,30.5,09:35:00,09:55:00,True
288,11/30/2022,11569.5,Long,51.0,09:35:00,11:00:00,False
289,12/1/2022,12081.0,Long,49.75,09:35:00,09:55:00,True
290,12/2/2022,11844.0,Short,71.75,09:50:00,10:10:00,False
291,12/5/2022,11947.75,Long,36.25,09:35:00,10:00:00,False
292,12/6/2022,11768.75,Short,37.25,09:35:00,09:40:00,True
293,12/7/2022,11558.25,Long,63.25,09:35:00,09:45:00,False
294,12/8/2022,11514.0,Short,58.75,09:35:00,09:55:00,False
295,12/9/2022,11618.0,Long,68.25,09:35:00,10:55:00,True
296,12/12/2022,11569.0,Short,29.5,09:35:00,09:45:00,False
297,12/13/2022,12094.5,Short,82.0,09:35:00,09:45:00,False
298,12/14/2022,11988.25,Long,58.5,09:35:00,11:00:00,True
299,12/15/2022,11630.5,Short,85.25,09:35:00,10:00:00,True
300,12/16/2022,11406.5,Short,51.5,09:40:00,09:45:00,False
301,12/19/2022,11287.0,Short,72.25,09:35:00,11:00:00,True
302,12/20/2022,11105.0,Short,46.75,09:40:00,09:55:00,False
303,12/21/2022,11230.25,Long,46.25,09:35:00,10:05:00,True
304,12/22/2022,11136.75,Short,71.75,09:35:00,10:05:00,True
305,12/23/2022,10979.75,Short,71.25,09:35:00,10:25:00,False
306,12/27/2022,11011.0,Short,45.25,09:35:00,09:40:00,True
307,12/28/2022,10977.0,Long,115.5,09:35:00,10:55:00,False
308,12/29/2022,10914.0,Long,57.75,09:35:00,09:50:00,True
309,12/30/2022,10885.0,Short,63.0,09:45:00,10:45:00,False
310,1/3/2023,11142.0,Long,69.75,09:35:00,09:45:00,False
311,1/4/2023,11041.5,Long,80.0,09:40:00,09:45:00,False
312,1/5/2023,10853.25,Short,71.75,09:35:00,10:05:00,False
313,1/6/2023,10935.25,Long,82.25,09:35:00,09:40:00,False
314,1/9/2023,11199.0,Short,45.75,09:35:00,09:40:00,False
315,1/10/2023,11246.25,Long,108.5,10:10:00,10:40:00,False
316,1/11/2023,11348.25,Long,57.5,09:35:00,12:15:00,True
317,1/12/2023,11440.5,Short,78.5,09:35:00,09:40:00,True
318,1/13/2023,11456.25,Long,39.5,09:35:00,09:40:00,False
319,1/16/2023,11602.0,Long,14.25,09:35:00,10:10:00,False
320,1/17/2023,11579.75,Short,41.0,09:35:00,09:50:00,False
321,1/18/2023,11679.75,Short,47.25,09:35:00,10:00:00,False
322,1/19/2023,11443.75,Long,47.25,09:40:00,09:45:00,False
323,1/20/2023,11388.25,Short,41.25,09:35:00,09:40:00,False
324,1/23/2023,11714.25,Long,42.75,09:35:00,09:45:00,True
325,1/24/2023,11883.75,Long,43.75,09:35:00,09:50:00,True
326,1/25/2023,11713.0,Long,55.0,09:40:00,09:50:00,False
327,1/26/2023,12068.75,Long,52.5,09:35:00,09:40:00,False
328,1/27/2023,12094.25,Long,52.75,09:35:00,09:50:00,True
329,1/30/2023,12064.5,Short,46.5,09:35:00,09:45:00,False
330,1/31/2023,12031.5,Long,62.75,09:40:00,11:35:00,True
331,2/1/2023,12104.5,Short,51.75,09:35:00,09:55:00,False
332,2/2/2023,12677.75,Short,54.5,09:35:00,09:40:00,False
333,2/3/2023,12637.75,Long,79.5,09:35:00,09:45:00,True
334,2/6/2023,12560.25,Long,58.0,09:35:00,10:20:00,False
335,2/7/2023,12523.5,Long,29.25,09:35:00,09:50:00,True
336,2/8/2023,12733.5,Long,50.0,09:35:00,09:50:00,False
337,2/9/2023,12679.5,Short,49.25,09:35:00,10:25:00,True
338,2/10/2023,12380.5,Long,50.5,09:35:00,09:40:00,False
339,2/13/2023,12365.5,Short,44.75,09:35:00,09:40:00,False
340,2/14/2023,12479.25,Long,89.0,09:35:00,09:55:00,True
341,2/15/2023,12605.75,Long,53.75,09:35:00,09:50:00,False
342,2/16/2023,12522.25,Short,35.0,09:35:00,09:40:00,False
343,2/17/2023,12417.25,Long,44.5,09:35:00,09:40:00,False
344,2/20/2023,12385.75,Short,10.25,09:35:00,10:10:00,True
345,2/21/2023,12252.5,Long,32.25,09:35:00,09:40:00,True
346,2/22/2023,12154.0,Long,38.75,09:40:00,10:00:00,False
347,2/23/2023,12226.5,Short,33.5,09:35:00,10:05:00,True
348,2/24/2023,12020.75,Long,40.0,09:35:00,09:45:00,False
349,2/27/2023,12116.0,Short,27.5,09:35:00,09:55:00,False
350,2/28/2023,12071.0,Long,29.75,09:35:00,09:45:00,True
351,3/1/2023,12019.25,Short,41.0,09:35:00,09:45:00,False
352,3/2/2023,11883.25,Long,37.25,09:45:00,10:00:00,True
353,3/3/2023,12139.25,Long,28.0,09:35:00,09:45:00,True
354,3/6/2023,12357.5,Short,39.25,09:35:00,10:05:00,False
355,3/7/2023,12341.25,Long,28.5,09:35:00,10:00:00,False
356,3/8/2023,12178.0,Short,38.25,09:35:00,10:00:00,True
357,3/9/2023,12279.0,Long,49.25,09:35:00,09:50:00,True
358,3/10/2023,11960.75,Short,67.0,09:35:00,09:45:00,True
359,3/13/2023,11753.0,Short,63.5,09:35:00,09:45:00,False
360,3/14/2023,12104.25,Long,34.0,09:35:00,09:40:00,True
361,3/15/2023,12270.25,Long,72.5,09:35:00,09:40:00,False
362,3/16/2023,12321.0,Short,42.25,09:35:00,09:40:00,False
363,3/17/2023,12736.5,Long,40.75,09:35:00,10:00:00,True
364,3/20/2023,12577.75,Short,55.5,09:35:00,10:45:00,False
365,3/21/2023,12773.75,Short,41.75,09:45:00,09:55:00,False
366,3/22/2023,12878.75,Long,27.75,09:35:00,10:20:00,True
367,3/23/2023,12888.5,Long,35.25,09:40:00,09:45:00,False
368,3/24/2023,12784.75,Short,60.25,09:35:00,12:00:00,False
369,3/27/2023,12891.0,Short,35.0,09:35:00,09:40:00,False
370,3/28/2023,12722.0,Short,55.5,09:35:00,10:30:00,True
371,3/29/2023,12914.25,Long,33.5,09:35:00,10:30:00,False
372,3/30/2023,13044.0,Short,35.75,09:35:00,09:55:00,False
373,3/31/2023,13124.25,Long,44.25,09:35:00,10:35:00,True
374,4/3/2023,13241.5,Long,43.5,09:35:00,10:50:00,False
375,4/4/2023,13272.0,Short,24.5,09:35:00,09:40:00,True
376,4/5/2023,13156.25,Short,26.0,09:35:00,09:45:00,True
377,4/6/2023,12966.75,Short,47.0,09:35:00,10:00:00,False
378,4/10/2023,13018.25,Short,32.25,09:35:00,09:45:00,True
379,4/11/2023,13160.25,Long,39.0,09:35:00,09:40:00,False
380,4/12/2023,13135.75,Short,45.0,09:35:00,09:40:00,True
381,4/13/2023,13059.0,Long,39.5,09:35:00,10:05:00,True
382,4/14/2023,13159.5,Long,26.25,09:35:00,09:40:00,True
383,4/17/2023,13180.75,Long,35.25,09:35:00,09:45:00,False
384,4/18/2023,13261.25,Short,23.25,09:35:00,09:45:00,False
385,4/19/2023,13123.75,Long,43.5,09:35:00,11:40:00,True
386,4/20/2023,13087.5,Long,41.5,09:35:00,10:00:00,True
387,4/21/2023,13043.0,Short,31.25,09:35:00,09:55:00,True
388,4/24/2023,13092.0,Long,38.25,09:35:00,09:40:00,True
389,4/25/2023,12980.25,Short,29.5,09:35:00,09:40:00,False
390,4/26/2023,12913.0,Short,44.25,09:35:00,09:50:00,False
391,4/27/2023,13044.75,Long,31.5,09:35:00,10:10:00,True
392,4/28/2023,13201.5,Short,42.75,09:35:00,10:05:00,False
393,5/1/2023,13293.0,Short,19.25,09:35:00,09:40:00,False
394,5/2/2023,13309.5,Long,26.0,09:35:00,09:40:00,False
395,5/3/2023,13207.25,Long,19.75,09:35:00,09:45:00,True
396,5/4/2023,13045.75,Short,40.5,09:40:00,10:25:00,True
397,5/5/2023,13159.75,Long,35.75,09:35:00,10:00:00,True
398,5/8/2023,13291.75,Short,18.75,09:35:00,09:40:00,True
399,5/9/2023,13278.75,Short,18.0,09:35:00,09:45:00,False
400,5/10/2023,13416.0,Long,51.25,09:35:00,09:40:00,False
401,5/11/2023,13378.5,Short,55.0,09:35:00,11:25:00,False
402,5/12/2023,13464.0,Short,23.5,09:35:00,09:45:00,True
403,5/15/2023,13398.0,Short,21.75,09:35:00,09:45:00,False
404,5/16/2023,13472.25,Long,38.0,09:35:00,09:45:00,True
405,5/17/2023,13519.25,Short,21.0,09:35:00,09:50:00,True
406,5/18/2023,13681.75,Long,29.25,09:35:00,09:40:00,True
407,5/19/2023,13906.0,Long,17.5,09:35:00,09:40:00,True
408,5/22/2023,13888.25,Long,41.5,09:35:00,09:45:00,True
409,5/23/2023,13863.5,Long,41.5,09:35:00,12:35:00,False
410,5/24/2023,13661.25,Long,40.75,09:35:00,10:00:00,False
411,5/25/2023,13886.75,Short,79.25,09:35:00,11:10:00,False
412,5/26/2023,14047.25,Long,32.75,09:35:00,09:40:00,True
413,5/29/2023,14368.0,Short,11.0,09:50:00,10:10:00,False
414,5/30/2023,14528.75,Long,53.0,09:35:00,09:50:00,False
415,5/31/2023,14363.5,Long,39.75,09:35:00,09:45:00,True
416,6/1/2023,14271.5,Short,34.5,09:35:00,09:40:00,False
417,6/2/2023,14622.25,Long,79.5,09:40:00,09:45:00,False
418,6/5/2023,14606.5,Long,39.0,09:35:00,09:40:00,True
419,6/6/2023,14515.75,Short,46.0,09:35:00,09:45:00,False
420,6/7/2023,14673.5,Long,82.0,09:35:00,10:00:00,False
421,6/8/2023,14375.0,Long,44.75,09:35:00,10:25:00,True
422,6/9/2023,14591.0,Long,34.25,09:35:00,09:40:00,True
423,6/12/2023,14600.25,Short,37.5,10:05:00,10:45:00,False
424,6/13/2023,15110.75,Long,35.75,09:35:00,09:45:00,False
425,6/14/2023,15066.75,Short,35.0,09:35:00,09:40:00,False
426,6/15/2023,15157.75,Long,43.5,09:40:00,09:45:00,True
427,6/16/2023,15397.25,Short,78.5,09:35:00,14:55:00,True
428,6/19/2023,15243.75,Short,9.5,09:35:00,10:10:00,True
429,6/20/2023,15274.0,Long,69.75,09:35:00,10:00:00,False
430,6/21/2023,15177.75,Short,41.75,09:45:00,09:55:00,True
431,6/22/2023,15014.25,Long,50.5,09:35:00,09:45:00,True
432,6/23/2023,15084.25,Long,50.25,09:35:00,09:40:00,False
433,6/26/2023,15064.75,Long,40.5,09:35:00,09:50:00,True
434,6/27/2023,14937.0,Long,39.25,09:35:00,10:00:00,True
435,6/28/2023,15069.0,Long,43.75,09:35:00,10:15:00,True
436,6/29/2023,15143.0,Long,65.25,09:35:00,10:05:00,False
437,6/30/2023,15271.25,Long,33.0,09:35:00,09:45:00,True
438,7/3/2023,15342.0,Short,26.75,09:35:00,09:40:00,False
439,7/4/2023,15367.75,Long,5.0,09:40:00,09:45:00,False
440,7/5/2023,15341.5,Long,49.25,09:35:00,09:45:00,True
441,7/6/2023,15152.75,Short,61.75,09:35:00,12:35:00,False
442,7/7/2023,15199.75,Short,43.0,09:35:00,09:45:00,False
443,7/10/2023,15167.0,Short,48.0,09:40:00,09:50:00,True
444,7/11/2023,15214.25,Long,30.75,09:35:00,09:40:00,False
445,7/12/2023,15444.25,Long,31.0,09:35:00,09:40:00,False
446,7/13/2023,15597.25,Long,45.25,09:35:00,12:15:00,True
447,7/14/2023,15767.5,Long,46.25,09:35:00,10:00:00,True
448,7/17/2023,15765.0,Long,39.0,09:35:00,09:45:00,False
449,7/18/2023,15769.5,Short,46.75,09:35:00,11:40:00,False
450,7/19/2023,16035.0,Long,57.75,09:40:00,10:15:00,False
451,7/20/2023,15885.75,Long,54.25,09:40:00,10:00:00,False
452,7/21/2023,15656.5,Short,63.0,09:35:00,10:00:00,True
453,7/24/2023,15573.75,Short,45.25,09:45:00,09:50:00,True
454,7/25/2023,15626.25,Long,38.75,09:35:00,09:55:00,True
455,7/26/2023,15569.25,Short,70.25,09:35:00,14:35:00,False
456,7/27/2023,15865.0,Long,42.25,09:35:00,10:20:00,False
457,7/28/2023,15753.0,Long,37.5,09:35:00,09:40:00,True
458,7/31/2023,15892.75,Long,47.5,09:40:00,09:55:00,False
459,8/1/2023,15802.25,Long,38.25,09:40:00,10:10:00,False
460,8/2/2023,15621.5,Short,47.5,09:35:00,10:05:00,True
461,8/3/2023,15394.0,Long,43.0,09:35:00,09:45:00,True
462,8/4/2023,15558.75,Long,62.5,09:35:00,09:40:00,False
463,8/7/2023,15412.75,Short,60.75,09:40:00,11:15:00,True
464,8/8/2023,15350.0,Short,29.75,09:35:00,09:40:00,True
465,8/9/2023,15336.25,Short,32.5,09:35:00,09:40:00,True
466,8/10/2023,15331.0,Long,58.0,09:35:00,09:50:00,True
467,8/11/2023,15092.25,Long,35.25,09:35:00,09:45:00,False
468,8/14/2023,15078.5,Long,43.75,09:35:00,09:50:00,True
469,8/15/2023,15245.0,Long,33.25,09:35:00,09:40:00,False
470,8/16/2023,15090.75,Long,40.0,09:35:00,10:10:00,True
471,8/17/2023,14966.25,Short,41.5,09:35:00,09:50:00,True
472,8/18/2023,14674.25,Long,51.0,09:45:00,10:00:00,False
473,8/21/2023,14848.5,Long,43.25,09:35:00,09:55:00,True
474,8/22/2023,15063.75,Short,28.75,09:35:00,09:40:00,True
475,8/23/2023,15038.0,Long,38.75,09:35:00,09:50:00,True
476,8/24/2023,15252.25,Short,87.75,09:35:00,10:05:00,True
477,8/25/2023,14934.5,Long,42.5,09:35:00,10:00:00,True
478,8/28/2023,15114.75,Long,54.75,09:35:00,09:40:00,False
479,8/29/2023,15112.5,Long,50.0,09:35:00,09:45:00,True
480,8/30/2023,15445.25,Long,33.5,09:35:00,09:40:00,False
481,9/1/2023,15610.5,Short,42.5,09:35:00,09:40:00,True
482,9/4/2023,15564.5,Long,10.5,09:35:00,09:50:00,True
483,9/5/2023,15460.0,Short,38.0,09:35:00,09:40:00,False
484,9/6/2023,15467.0,Short,37.5,09:35:00,09:40:00,False
485,9/7/2023,15203.5,Long,46.25,09:35:00,10:40:00,True
486,9/8/2023,15350.0,Long,80.25,09:35:00,14:55:00,False
487,9/11/2023,15414.5,Short,34.0,09:35:00,09:40:00,True
488,9/12/2023,15625.75,Long,40.5,09:40:00,10:25:00,False
489,9/13/2023,15556.0,Long,62.75,09:40:00,10:05:00,False
490,9/14/2023,15588.0,Short,51.0,09:35:00,09:55:00,True
491,9/15/2023,15576.75,Short,51.0,09:35:00,09:40:00,True
492,9/19/2023,15358.25,Long,34.5,09:35:00,09:50:00,False
493,9/20/2023,15419.75,Long,45.0,09:40:00,10:10:00,False
494,9/21/2023,15013.25,Long,38.5,09:35:00,09:45:00,False
495,9/22/2023,14914.25,Short,27.0,09:35:00,09:45:00,False
496,9/25/2023,14835.75,Long,53.5,09:35:00,09:55:00,True
497,9/26/2023,14838.25,Long,35.75,09:35:00,09:45:00,False
498,9/27/2023,14789.5,Long,40.5,09:40:00,10:00:00,False
499,9/28/2023,14712.25,Long,51.25,09:35:00,09:40:00,False
500,9/29/2023,14985.5,Short,31.0,09:35:00,09:45:00,False
501,10/2/2023,14907.75,Long,60.25,09:35:00,10:00:00,True
502,10/3/2023,14910.25,Long,37.0,09:35:00,09:50:00,True
503,10/4/2023,14803.75,Long,55.0,09:35:00,10:05:00,False
504,10/5/2023,14920.25,Long,31.75,09:35:00,09:40:00,False
505,10/6/2023,14735.5,Short,65.75,09:35:00,10:20:00,False
506,10/9/2023,14968.25,Short,48.0,09:35:00,09:40:00,False
507,10/10/2023,15189.0,Short,30.75,09:35:00,09:40:00,False
508,10/11/2023,15377.75,Long,55.0,09:35:00,09:50:00,False
509,10/12/2023,15403.25,Long,25.75,09:35:00,09:40:00,False
510,10/13/2023,15328.75,Short,38.25,09:35:00,10:05:00,True
511,10/16/2023,15234.75,Long,66.25,09:35:00,10:30:00,True
512,10/17/2023,15113.25,Short,29.0,09:35:00,09:45:00,True
513,10/18/2023,15194.75,Long,69.5,09:35:00,09:45:00,False
514,10/19/2023,15073.0,Short,36.25,09:35:00,09:40:00,True
515,10/20/2023,14864.0,Long,53.5,09:40:00,10:10:00,False
516,10/23/2023,14573.75,Short,56.25,09:35:00,09:40:00,True
517,10/24/2023,14815.0,Long,52.25,09:35:00,09:50:00,False
518,10/25/2023,14668.5,Short,81.0,09:35:00,11:50:00,True
519,10/26/2023,14390.0,Short,69.25,09:35:00,09:55:00,True
520,10/27/2023,14306.5,Short,43.0,09:40:00,09:45:00,False
521,10/30/2023,14397.0,Long,62.5,09:35:00,09:45:00,True
522,10/31/2023,14373.5,Short,55.5,09:35:00,09:50:00,True
523,11/1/2023,14546.25,Long,31.25,09:35:00,09:45:00,True
524,11/2/2023,14937.25,Long,33.75,09:35:00,09:45:00,False
525,11/3/2023,15041.25,Short,39.5,09:35:00,09:40:00,False
526,11/6/2023,15238.75,Long,35.75,09:35:00,09:45:00,False
527,11/7/2023,15234.5,Short,53.0,09:35:00,09:55:00,False
528,11/8/2023,15411.0,Long,37.25,09:35:00,10:00:00,False
529,11/9/2023,15381.0,Short,38.75,09:35:00,09:55:00,False
530,11/10/2023,15330.75,Long,25.5,09:35:00,09:40:00,True
531,11/13/2023,15509.5,Short,29.75,09:35:00,09:50:00,True
532,11/14/2023,15834.25,Long,44.25,09:35:00,10:00:00,True
533,11/15/2023,15966.75,Long,31.0,09:35:00,09:40:00,False
534,11/16/2023,15855.5,Long,30.5,09:35:00,09:50:00,True
535,11/17/2023,15851.75,Short,22.0,09:35:00,09:50:00,False
536,11/20/2023,15962.5,Long,68.0,09:35:00,12:10:00,True
537,11/21/2023,16015.75,Long,35.75,09:35:00,10:00:00,False
538,11/22/2023,16148.25,Long,79.25,09:35:00,09:50:00,False
539,11/23/2023,16064.0,Long,8.25,09:35:00,09:55:00,False
540,11/27/2023,15985.25,Short,52.5,09:35:00,10:05:00,False
541,11/28/2023,15973.0,Short,34.75,09:40:00,10:35:00,False
542,11/29/2023,16188.75,Long,42.5,09:35:00,10:05:00,False
543,11/30/2023,16012.5,Short,39.25,09:35:00,09:40:00,True
544,12/1/2023,15885.5,Short,50.5,09:35:00,09:40:00,False
545,12/4/2023,15841.25,Short,35.5,09:35:00,10:15:00,True
546,12/5/2023,15810.25,Long,27.25,09:35:00,09:40:00,True
547,12/6/2023,15965.5,Short,72.5,09:35:00,10:20:00,True
548,12/7/2023,15968.5,Long,61.75,09:35:00,09:50:00,False
549,12/8/2023,15995.0,Long,48.0,09:40:00,10:00:00,True
550,12/11/2023,16139.0,Long,70.5,09:40:00,13:00:00,True
551,12/12/2023,16408.5,Short,40.5,09:35:00,09:55:00,False
552,12/13/2023,16644.25,Long,38.5,09:35:00,09:55:00,False
553,12/14/2023,16857.75,Long,46.5,09:40:00,10:05:00,False
554,12/15/2023,16818.5,Long,38.75,09:35:00,10:20:00,True
555,12/18/2023,16871.5,Long,39.25,09:35:00,11:40:00,True
556,12/20/2023,16994.5,Long,23.75,09:35:00,09:40:00,True
557,12/21/2023,16910.75,Short,48.25,09:35:00,10:05:00,True
558,12/22/2023,16994.25,Short,28.0,09:35:00,09:40:00,False
559,12/26/2023,17032.75,Long,27.5,09:35:00,10:40:00,True
560,12/27/2023,17122.0,Long,30.5,10:00:00,10:10:00,False
561,12/28/2023,17123.5,Short,35.75,09:35:00,15:50:00,True
562,12/29/2023,17081.0,Short,19.25,09:35:00,09:45:00,False
563,1/2/2024,16829.75,Short,44.0,09:35:00,09:40:00,True
564,1/3/2024,16624.0,Long,42.75,09:35:00,10:10:00,False
565,1/4/2024,16489.25,Long,46.25,09:35:00,10:45:00,True
566,1/5/2024,16486.75,Long,49.5,09:35:00,10:00:00,True
567,1/8/2024,16548.5,Long,43.25,09:35:00,09:45:00,True
568,1/9/2024,16666.0,Short,48.75,09:40:00,10:05:00,False
569,1/10/2024,16873.75,Long,34.5,09:35:00,09:50:00,False
570,1/11/2024,17015.0,Long,40.25,09:35:00,09:45:00,False
571,1/12/2024,17014.5,Long,40.75,09:35:00,10:00:00,False
572,1/15/2024,16955.5,Short,11.0,09:35:00,09:45:00,True
573,1/16/2024,16940.25,Long,35.5,09:35:00,09:40:00,False
574,1/17/2024,16758.75,Short,84.5,09:35:00,15:45:00,False
575,1/18/2024,17047.5,Long,53.0,09:40:00,10:00:00,False
576,1/19/2024,17201.0,Long,35.0,09:40:00,10:55:00,True
577,1/22/2024,17576.0,Long,48.75,09:35:00,09:40:00,False
578,1/23/2024,17415.25,Short,73.0,09:35:00,12:55:00,False
579,1/24/2024,17658.0,Short,37.75,09:35:00,10:15:00,False
580,1/25/2024,17674.75,Short,52.25,09:45:00,10:20:00,False
581,1/26/2024,17534.75,Short,36.5,09:35:00,10:25:00,False
582,1/29/2024,17557.0,Long,27.5,09:35:00,10:00:00,False
583,1/30/2024,17653.75,Short,31.25,10:00:00,10:50:00,True
584,1/31/2024,17371.75,Short,55.0,09:40:00,10:30:00,True
585,2/1/2024,17334.5,Long,40.5,09:35:00,09:55:00,False
586,2/2/2024,17521.5,Long,56.25,09:35:00,09:40:00,True
587,2/5/2024,17707.5,Short,30.0,09:35:00,09:50:00,True
588,2/6/2024,17720.75,Short,47.25,09:35:00,09:50:00,True
589,2/7/2024,17744.0,Short,34.5,09:35:00,10:10:00,False
590,2/8/2024,17845.5,Long,26.5,09:35:00,09:40:00,False
591,2/9/2024,17883.75,Short,27.75,09:35:00,09:45:00,False
592,2/12/2024,18050.0,Long,43.0,09:35:00,11:25:00,True
593,2/13/2024,17638.25,Long,51.75,09:35:00,10:20:00,True
594,2/14/2024,17783.75,Short,35.5,09:35:00,09:40:00,True
595,2/15/2024,17870.75,Short,32.75,09:35:00,09:50:00,True
596,2/16/2024,17886.5,Short,43.75,09:40:00,09:50:00,True
597,2/19/2024,17801.75,Long,17.0,09:35:00,10:15:00,False
598,2/20/2024,17649.25,Short,75.0,09:35:00,09:40:00,True
599,2/21/2024,17463.75,Short,48.25,09:40:00,10:00:00,False
600,2/22/2024,17919.75,Long,56.0,09:45:00,11:15:00,True
601,2/23/2024,18140.25,Long,43.5,09:35:00,09:55:00,False
602,2/26/2024,18009.5,Short,41.5,09:35:00,09:45:00,True
603,2/27/2024,17997.75,Short,29.75,09:35:00,09:40:00,True
604,2/28/2024,17943.75,Long,42.75,09:35:00,09:45:00,False
605,2/29/2024,18067.25,Long,46.75,09:35:00,10:10:00,False
606,3/1/2024,18144.75,Long,51.25,10:00:00,10:15:00,True
607,3/4/2024,18287.75,Short,47.25,10:00:00,14:35:00,False
608,3/5/2024,18072.5,Short,63.0,09:35:00,10:05:00,True
609,3/6/2024,18092.5,Short,34.25,09:35:00,09:50:00,True
610,3/7/2024,18194.5,Long,28.5,09:35:00,09:40:00,False
611,3/8/2024,18350.0,Long,55.0,09:35:00,10:05:00,True
612,3/11/2024,17989.75,Long,83.0,09:40:00,09:55:00,False
613,3/12/2024,18263.25,Short,76.0,09:35:00,09:45:00,True
614,3/13/2024,18382.5,Short,47.5,09:35:00,10:00:00,True
615,3/14/2024,18384.25,Long,48.75,09:35:00,09:45:00,False
616,3/15/2024,18127.0,Short,47.75,09:35:00,09:45:00,True
617,3/18/2024,18329.0,Long,51.75,09:35:00,10:25:00,True
618,3/19/2024,18102.75,Short,50.0,09:35:00,11:30:00,False
619,3/20/2024,18301.75,Short,33.0,09:35:00,09:40:00,True
620,3/21/2024,18692.5,Long,37.5,09:40:00,09:45:00,False
621,3/22/2024,18545.25,Long,28.0,09:40:00,09:45:00,False
622,3/25/2024,18441.75,Short,39.25,09:40:00,09:50:00,False
623,3/26/2024,18589.75,Long,40.0,09:35:00,10:25:00,False
624,3/27/2024,18515.75,Short,56.25,09:35:00,09:50:00,True
625,3/28/2024,18504.75,Long,47.75,09:40:00,13:15:00,False
626,4/1/2024,18551.75,Long,69.5,09:35:00,10:35:00,False
627,4/2/2024,18260.5,Short,31.75,09:35:00,09:40:00,True
628,4/3/2024,18273.75,Long,34.5,09:35:00,10:00:00,True
629,4/4/2024,18551.75,Long,22.0,09:35:00,09:45:00,False
630,4/5/2024,18123.25,Short,48.0,09:35:00,09:40:00,False
631,4/8/2024,18287.25,Short,50.0,09:35:00,10:25:00,False
632,4/9/2024,18351.5,Short,53.75,09:35:00,10:25:00,True
633,4/10/2024,18167.75,Long,49.0,09:35:00,09:45:00,False
634,4/11/2024,18225.0,Short,49.25,09:40:00,10:15:00,True
635,4/12/2024,18327.25,Long,46.5,09:45:00,10:05:00,False
636,4/15/2024,18268.25,Short,71.0,09:35:00,10:10:00,True
637,4/16/2024,17885.5,Long,39.5,09:35:00,09:40:00,False
638,4/17/2024,17924.75,Short,35.0,09:35:00,09:50:00,True
639,4/18/2024,17624.0,Short,55.0,09:35:00,09:40:00,True
640,4/19/2024,17446.75,Short,49.5,09:35:00,09:40:00,False
641,4/22/2024,17267.0,Short,40.75,09:35:00,09:45:00,False
642,4/23/2024,17464.25,Long,50.75,09:40:00,09:45:00,True
643,4/24/2024,17752.75,Long,39.75,09:35:00,09:50:00,True
644,4/25/2024,17359.0,Long,51.0,09:40:00,10:10:00,True
645,4/26/2024,17736.25,Long,68.25,09:35:00,10:00:00,True
646,4/29/2024,17909.25,Short,40.0,09:35:00,09:40:00,True
647,4/30/2024,17858.0,Long,34.25,09:40:00,10:00:00,True
648,5/1/2024,17468.25,Short,49.5,09:55:00,11:15:00,True
649,5/2/2024,17543.75,Short,59.0,09:35:00,09:50:00,True
650,5/3/2024,17965.75,Long,46.75,09:40:00,09:55:00,True
651,5/6/2024,18076.75,Long,34.25,09:35:00,10:00:00,True
652,5/7/2024,18197.25,Short,39.0,09:50:00,10:55:00,False
653,5/8/2024,18109.75,Long,31.5,09:35:00,09:45:00,True
654,5/9/2024,18172.75,Short,31.5,09:35:00,09:40:00,True
655,5/10/2024,18315.0,Long,58.0,09:35:00,10:15:00,False
656,5/13/2024,18291.5,Short,45.0,09:35:00,13:10:00,True
657,5/14/2024,18293.75,Long,28.5,09:35:00,09:45:00,True
658,5/15/2024,18528.75,Long,36.5,09:35:00,09:45:00,False
659,5/16/2024,18690.0,Long,18.25,09:35:00,09:50:00,True
660,5/17/2024,18664.75,Long,24.75,09:35:00,09:45:00,False
661,5/20/2024,18688.5,Long,53.5,09:35:00,09:50:00,True
662,5/21/2024,18710.75,Long,33.0,09:35:00,10:30:00,True
663,5/22/2024,18805.25,Short,21.25,09:35:00,09:50:00,False
664,5/23/2024,18931.75,Short,51.0,09:35:00,09:50:00,True
665,5/24/2024,18775.5,Long,42.75,09:35:00,09:50:00,False
666,5/27/2024,18903.0,Long,25.25,09:35:00,10:05:00,False
667,5/28/2024,18902.5,Short,34.25,09:35:00,09:45:00,True
668,5/29/2024,18805.5,Long,44.75,09:35:00,10:20:00,True
669,5/30/2024,18716.0,Short,53.75,09:35:00,10:40:00,True
670,5/31/2024,18615.75,Long,40.25,09:35:00,09:45:00,False
671,6/3/2024,18731.5,Long,33.25,09:35:00,09:50:00,False
672,6/4/2024,18586.5,Short,64.5,09:35:00,10:00:00,False
673,6/5/2024,18821.75,Short,31.25,09:35:00,09:50:00,False
674,6/6/2024,19113.25,Long,28.0,09:35:00,09:45:00,False
675,6/7/2024,19041.0,Long,48.75,09:50:00,10:40:00,True
676,6/10/2024,19017.25,Long,39.75,09:35:00,10:50:00,True
677,6/11/2024,19084.5,Long,38.5,09:35:00,09:45:00,False
678,6/12/2024,19438.0,Long,63.5,09:35:00,09:50:00,True
679,6/13/2024,19648.25,Long,20.5,09:35:00,09:55:00,False
680,6/14/2024,19584.25,Long,27.25,09:35:00,09:45:00,True
681,6/17/2024,19674.0,Short,36.0,09:35:00,10:10:00,False
682,6/18/2024,20213.25,Long,31.25,09:35:00,09:40:00,False
683,6/19/2024,20242.25,Short,10.5,09:35:00,10:30:00,True
684,6/20/2024,20255.0,Long,56.75,09:40:00,10:05:00,False
685,6/21/2024,20022.25,Long,38.75,09:35:00,09:40:00,False
686,6/24/2024,19908.75,Short,56.75,09:40:00,10:00:00,False
687,6/25/2024,19812.75,Short,26.25,09:35:00,09:40:00,False
688,6/26/2024,19951.5,Long,32.5,09:40:00,09:50:00,True
689,6/27/2024,20055.25,Long,65.75,09:35:00,11:25:00,False
690,6/28/2024,20075.25,Long,36.25,09:35:00,09:45:00,True
691,7/1/2024,19927.5,Short,58.5,09:40:00,09:45:00,True
692,7/2/2024,20038.0,Long,61.5,09:35:00,10:40:00,True
693,7/3/2024,20267.75,Long,52.0,09:45:00,10:55:00,True
694,7/4/2024,20389.75,Short,16.75,09:35:00,10:15:00,True
695,7/5/2024,20478.0,Long,38.0,09:35:00,09:45:00,False
696,7/8/2024,20615.0,Short,30.0,09:35:00,09:50:00,False
697,7/9/2024,20764.5,Long,43.5,09:35:00,09:40:00,False
698,7/10/2024,20735.75,Short,32.5,09:35:00,09:45:00,False
699,7/11/2024,20868.0,Short,34.5,09:40:00,09:50:00,True
700,7/12/2024,20427.5,Short,43.75,09:35:00,09:40:00,False
701,7/15/2024,20640.5,Long,40.0,09:35:00,09:40:00,False
702,7/16/2024,20671.75,Long,41.0,09:35:00,09:40:00,False
703,7/17/2024,20267.75,Long,35.0,09:35:00,09:40:00,False
704,7/18/2024,20093.0,Short,56.5,09:35:00,09:45:00,True
705,7/19/2024,19908.25,Long,72.75,09:35:00,10:25:00,False
706,7/22/2024,19959.5,Long,77.0,09:35:00,11:15:00,False
707,7/23/2024,19980.0,Long,46.75,09:35:00,09:40:00,True
708,7/24/2024,19581.5,Short,72.5,09:35:00,09:55:00,True
709,7/25/2024,19138.5,Short,88.5,09:35:00,09:55:00,True
710,7/26/2024,19088.0,Short,78.5,09:40:00,10:00:00,False
711,7/29/2024,19293.0,Long,71.25,09:35:00,09:45:00,True
712,7/30/2024,19299.0,Long,44.0,09:35:00,09:45:00,False
713,7/31/2024,19390.75,Long,80.25,09:40:00,10:20:00,True
714,8/1/2024,19562.75,Long,49.5,09:35:00,09:40:00,True
715,8/2/2024,18654.75,Long,113.0,09:35:00,10:05:00,False
716,8/5/2024,17709.25,Long,200.25,09:35:00,09:45:00,True
717,8/6/2024,18065.25,Short,109.0,09:35:00,10:00:00,False
718,8/7/2024,18522.25,Long,83.75,09:35:00,10:15:00,False
719,8/8/2024,18175.75,Short,67.5,09:35:00,09:45:00,True
720,8/9/2024,18507.5,Long,56.75,09:35:00,09:40:00,False
721,8/12/2024,18670.25,Long,36.75,09:35:00,09:40:00,False
722,8/13/2024,18888.0,Long,72.0,09:45:00,11:05:00,True
723,8/14/2024,19105.0,Short,70.75,09:35:00,09:50:00,True
724,8/15/2024,19381.75,Long,45.75,09:35:00,09:50:00,True
725,8/16/2024,19514.0,Long,51.75,09:35:00,10:15:00,True
726,8/19/2024,19583.25,Short,31.5,09:35:00,09:40:00,False
727,8/20/2024,19865.0,Long,48.25,09:35:00,09:55:00,True
728,8/21/2024,19818.75,Short,30.75,09:35:00,09:40:00,False
729,8/22/2024,19986.75,Short,38.75,09:35:00,09:50:00,True
730,8/23/2024,19765.0,Long,58.75,10:00:00,10:05:00,True
731,8/26/2024,19741.75,Short,60.0,09:45:00,10:05:00,True
732,8/27/2024,19493.0,Short,46.5,09:35:00,09:45:00,True
733,8/28/2024,19620.25,Short,36.5,09:35:00,09:45:00,True
734,8/29/2024,19590.75,Long,112.75,09:35:00,14:30:00,False
735,8/30/2024,19515.25,Short,62.25,09:35:00,09:45:00,False
736,9/2/2024,19616.5,Short,15.75,09:35:00,09:40:00,False
737,9/3/2024,19404.75,Short,78.75,09:35:00,10:00:00,True
738,9/4/2024,18928.75,Long,69.0,09:40:00,10:00:00,False
739,9/5/2024,18946.75,Long,62.0,09:35:00,09:40:00,True
740,9/6/2024,18884.75,Short,82.75,09:35:00,09:40:00,True
741,9/9/2024,18664.75,Long,60.25,09:35:00,10:30:00,False
742,9/10/2024,18747.25,Short,74.75,09:35:00,11:50:00,True
743,9/11/2024,18843.75,Short,63.0,09:35:00,09:50:00,True
744,9/12/2024,19281.75,Long,71.75,09:35:00,09:45:00,False
745,9/13/2024,19449.25,Long,51.25,09:35:00,09:40:00,True
746,9/16/2024,19341.25,Short,99.25,09:35:00,09:50:00,False
747,9/17/2024,19536.25,Short,57.75,09:35:00,09:50:00,True
748,9/18/2024,19688.0,Short,48.75,09:35:00,11:20:00,True
749,9/19/2024,20021.75,Short,37.0,09:35:00,09:40:00,False
750,9/20/2024,20076.25,Long,45.75,09:35:00,09:50:00,False
751,9/23/2024,20035.0,Short,51.0,09:35:00,09:45:00,False
752,9/24/2024,20100.75,Short,53.5,09:35:00,10:00:00,True
753,9/25/2024,20193.75,Long,56.0,09:35:00,10:05:00,True
754,9/26/2024,20445.5,Short,72.25,09:35:00,10:25:00,True
755,9/27/2024,20339.0,Short,44.25,09:35:00,10:10:00,True
756,9/30/2024,20233.5,Long,65.0,09:35:00,10:05:00,False
757,10/1/2024,20161.75,Short,104.5,09:35:00,09:45:00,True
758,10/2/2024,19911.75,Short,55.25,09:35:00,09:40:00,True
759,10/3/2024,19979.75,Long,85.25,09:35:00,10:00:00,True
760,10/4/2024,20236.0,Long,50.5,09:35:00,09:50:00,False
761,10/7/2024,20160.75,Long,45.5,09:35:00,09:40:00,False
762,10/8/2024,20106.5,Long,33.0,09:35:00,09:45:00,False
763,10/9/2024,20252.5,Short,37.75,09:35:00,09:40:00,False
764,10/10/2024,20340.25,Short,50.0,09:45:00,10:05:00,False
765,10/11/2024,20318.0,Short,29.75,09:35:00,09:40:00,False
766,10/14/2024,20586.0,Long,45.25,09:35:00,09:45:00,True
767,10/15/2024,20644.25,Long,38.75,09:35:00,10:10:00,False
768,10/16/2024,20300.0,Short,57.5,09:35:00,09:40:00,True
