,Date,Open,Max,Min,Close,Playbook,EOD,UP,DOWN,RANGE,5 Min Opening Delta,Open from Prev Close,Close from Prev Close,MHP,HP,Open From HP,Close From HP,Open from MHP,Close From MHP,open above,close above,,,
1,1/3/2023,3881,3901.5,3814.5,3839.25,BRLU,-41.75,20.5,-66.5,87,-1066,,,3811,3867,14,-27.75,70,28.25,1,0,0,,0
2,1/4/2023,3869,3896.25,3836.5,3874,BLU,5,27.25,-32.5,59.75,-1912,29.75,34.75,3786,3862,7,12,83,88,1,1,1,,0
3,1/5/2023,3852.75,3853.5,3822.5,3831,BRLU,-21.75,0.75,-30.25,31,-2443,-21.25,-43,3784,3840,12.75,-9,68.75,47,1,0,0,,0
4,1/6/2023,3861.25,3928.75,3829,3911.25,BSU,50,67.5,-32.25,99.75,1033,30.25,80.25,3784,3860,1.25,51.25,77.25,127.25,1,1,1,,0
5,1/9/2023,3939.5,3973.25,3909.75,3911.5,BLU,-28,33.75,-29.75,63.5,1277,28.25,0.25,3834,3905,34.5,6.5,105.5,77.5,1,1,1,,0
6,1/10/2023,3907.5,3943.75,3897.25,3939.5,BRSU,32,36.25,-10.25,46.5,853,-4,28,3859,3920,-12.5,19.5,48.5,80.5,0,1,0,,0
7,1/11/2023,3957.5,3990.75,3948.75,3989.5,BLU,32,33.25,-8.75,42,-2470,18,50,3884,3944,13.5,45.5,73.5,105.5,1,1,1,,0
8,1/12/2023,3999.75,4018.5,3957.25,4001.75,BLU,2,18.75,-42.5,61.25,-4461,10.25,12.25,3882,3992,7.75,9.75,117.75,119.75,1,1,1,,0
9,1/13/2023,3968.25,4024.25,3965.75,4015.25,BRLU,47,56,-2.5,58.5,-1805,-33.5,13.5,3856,3972,-3.75,43.25,112.25,159.25,0,1,0,,0
10,1/16/2023,4014.75,4020.5,4008.25,4009.75,NA,-5,5.75,-6.5,12.25,236,-0.5,-5.5,3856,3972,42.75,37.75,158.75,153.75,1,1,1,,0
11,1/17/2023,4018.25,4035.25,4002.75,4011.25,BLU,-7,17,-15.5,32.5,-1597,8.5,1.5,3983,4013,5.25,-1.75,35.25,28.25,1,0,0,,0
12,1/18/2023,4022,4033.5,3943.75,3945.25,BLU,-76.75,11.5,-78.25,89.75,-282,10.75,-66,3981,4011,11,-65.75,41,-35.75,1,0,0,,1
13,1/19/2023,3923,3940.25,3901.75,3922.75,BRSU,-0.25,17.25,-21.25,38.5,-5738,-22.25,-22.5,3919,3954,-31,-31.25,4,3.75,0,0,0,,1
14,1/20/2023,3929.75,3990.5,3912.25,3986.5,BRSU,56.75,60.75,-17.5,78.25,-862,7,63.75,3928,3944,-14.25,42.5,1.75,58.5,0,1,0,,1
15,1/23/2023,3996.5,4056.75,3986.25,4032,BLU,35.5,60.25,-10.25,70.5,-1392,10,45.5,3787,3979,17.5,53,209.5,245,1,1,1,,0
16,1/24/2023,4018,4047.5,4005.25,4043.75,BRLU,25.75,29.5,-12.75,42.25,-1527,-14,11.75,3802,4014,4,29.75,216,241.75,1,1,1,,0
17,1/25/2023,3987.5,4035.75,3963.25,4033.25,BRLU,45.75,48.25,-24.25,72.5,-1301,-56.25,-10.5,3786,3977,10.5,56.25,201.5,247.25,1,1,1,,0
18,1/26/2023,4059,4077,4027.25,4071.5,BLU,12.5,18,-31.75,49.75,2380,25.75,38.25,3876,4042,17,29.5,183,195.5,1,1,1,,0
19,1/27/2023,4063.75,4109.25,4061.75,4082,BLU,18.25,45.5,-2,47.5,-405,-7.75,10.5,3850,4047,16.75,35,213.75,232,1,1,1,,0
20,1/30/2023,4054.5,4078,4029.5,4037.75,MRSU,-16.75,23.5,-25,48.5,1382,-27.5,-44.25,3925,4066,-11.5,-28.25,129.5,112.75,0,0,0,,0
21,1/31/2023,4036.75,4091.25,4033.25,4086.75,MRSU,50,54.5,-3.5,58,-302,-1,49,3899,4045,-8.25,41.75,137.75,187.75,0,1,0,,0
22,2/1/2023,4077.75,4163.25,4048.5,4130.75,BLU,53,85.5,-29.25,114.75,-172,-9,44,3924,4050,27.75,80.75,153.75,206.75,1,1,1,,0
23,2/2/2023,4173.75,4208.5,4153.25,4188.25,BLU,14.5,34.75,-20.5,55.25,2518,43,57.5,3948,4145,28.75,43.25,225.75,240.25,1,1,1,,0
24,2/3/2023,4140.5,4194,4135,4146.75,BSU,6.25,53.5,-5.5,59,-2565,-47.75,-41.5,3963,4149,-8.5,-2.25,177.5,183.75,0,0,0,,0
25,2/6/2023,4121.25,4136.5,4104,4123,BRSU,1.75,15.25,-17.25,32.5,1818,-25.5,-23.75,3962,4138,-16.75,-15,159.25,161,0,0,0,,0
26,2/7/2023,4111,4188.25,4098.25,4168.5,BRSU,57.5,77.25,-12.75,90,-1169,-12,45.5,4097,4117,-6,51.5,14,71.5,0,1,0,,0
27,2/8/2023,4153.75,4168,4121.25,4128.5,BRSU,-25.25,14.25,-32.5,46.75,1051,-14.75,-40,4122,4152,1.75,-23.5,31.75,6.5,1,0,0,,1
28,2/9/2023,4165.5,4166.75,4078.25,4096.75,BLU,-68.75,1.25,-87.25,88.5,1920,37,-31.75,4146,4156,9.5,-59.25,19.5,-49.25,1,0,0,,1
29,2/10/2023,4078.5,4104.25,4069.75,4099.25,BRSU,20.75,25.75,-8.75,34.5,219,-18.25,2.5,4069,4099,-20.5,0.25,9.5,30.25,0,1,0,,0
30,2/13/2023,4107,4150.25,4101.5,4148.25,MRLU,41.25,43.25,-5.5,48.75,174,7.75,49,4099,4114,-7,34.25,8,49.25,0,1,0,,0
31,2/14/2023,4131.5,4170,4103.75,4140.5,BSD,9,38.5,-27.75,66.25,-1262,-16.75,-7.75,4119,4119,12.5,21.5,12.5,21.5,1,1,1,,1
32,2/15/2023,4122,4160,4113,4158.5,BRSU,36.5,38,-9,47,971,-18.5,18,4123,4133,-11,25.5,-1,35.5,0,1,0,,1
33,2/16/2023,4103.75,4145.5,4095.75,4098.5,BRSU,-5.25,41.75,-8,49.75,-1526,-54.75,-60,4120,4130,-26.25,-31.5,-16.25,-21.5,0,0,0,,1
34,2/17/2023,4076.25,4090.5,4055.75,4088.25,BRSU,12,14.25,-20.5,34.75,3860,-22.25,-10.25,4065,4095,-18.75,-6.75,11.25,23.25,0,0,0,,1
35,2/20/2023,4081.25,4081.75,4073.25,4075.75,NA,-5.5,0.5,-8,8.5,-9,-7,-12.5,4065,4095,-13.75,-19.25,16.25,10.75,0,0,0,,0
36,2/21/2023,4045.25,4056.25,4002,4009.5,NA,-35.75,11,-43.25,54.25,-20,-30.5,-66.25,4059,4079,-33.75,-69.5,-13.75,-49.5,0,0,0,,0
37,2/22/2023,4009,4025,3983.75,4000.75,BRSU,-8.25,16,-25.25,41.25,-212,-0.5,-8.75,4013,4018,-9,-17.25,-4,-12.25,0,0,0,,1
38,2/23/2023,4028.5,4034.25,3974.25,4016.25,BLD,-12.25,5.75,-54.25,60,-1501,27.75,15.5,4033,4028,0.5,-11.75,-4.5,-16.75,1,0,0,,1
39,2/24/2023,3965.25,3984,3947.5,3973.5,MRSU,8.25,18.75,-17.75,36.5,-1864,-51,-42.75,3986,3991,-25.75,-17.5,-20.75,-12.5,0,0,0,,0
40,2/27/2023,4010.25,4024.75,3978.5,3988.25,BLU,-22,14.5,-31.75,46.25,-929,36.75,14.75,4006,4006,4.25,-17.75,4.25,-17.75,1,0,0,,1
41,2/28/2023,3982.75,4003.5,3965,3969.25,BRSU,-13.5,20.75,-17.75,38.5,-3827,-5.5,-19,3985,3990,-7.25,-20.75,-2.25,-15.75,0,0,0,,1
42,3/1/2023,3963.75,3976.5,3943,3954.75,BRSD,-9,12.75,-20.75,33.5,2593,-5.5,-14.5,3984,3984,-20.25,-29.25,-20.25,-29.25,0,0,0,,0
43,3/2/2023,3935,3995.25,3931,3986.25,BRSD,51.25,60.25,-4,64.25,1451,-19.75,31.5,3958,3943,-8,43.25,-23,28.25,0,1,0,,1
44,3/3/2023,4005,4053,3998,4050,BLD,45,48,-7,55,-1352,18.75,63.75,4003,3988,17,62,2,47,1,1,1,,1
45,3/6/2023,4057.75,4082.5,4048,4052.75,BLU,-5,24.75,-9.75,34.5,1438,7.75,2.75,4027,4037,20.75,15.75,30.75,25.75,1,1,1,,0
46,3/7/2023,4051.25,4054,3982.5,3989,MRLU,-62.25,2.75,-68.75,71.5,9,-1.5,-63.75,4027,4047,4.25,-58,24.25,-38,1,0,0,,1
47,3/8/2023,3990.25,4003.25,3971.5,3995,BRSU,4.75,13,-18.75,31.75,-1045,1.25,6,3986,3996,-5.75,-1,4.25,9,0,0,0,,1
48,3/9/2023,4002.5,4019.75,3909.5,3918.75,MRSU,-83.75,17.25,-93,110.25,-772,7.5,-76.25,3984,4004,-1.5,-85.25,18.5,-65.25,0,0,0,,1
49,3/10/2023,3913.5,3934.75,3846.25,3864.25,BRSU,-49.25,21.25,-67.25,88.5,1242,-5.25,-54.5,3928,3938,-24.5,-73.75,-14.5,-63.75,0,0,0,,1
50,3/13/2023,3852.25,3940.5,3840.75,3891.5,BRSU,39.25,88.25,-11.5,99.75,-511,-12,27.25,3833,3853,-0.75,38.5,19.25,58.5,0,1,0,,0
51,3/14/2023,3943.25,3972.5,3905.5,3949.5,BRSU,6.25,29.25,-37.75,67,-2104,51.75,58,3918,3903,40.25,46.5,25.25,31.5,1,1,1,,1
52,3/15/2023,3890.75,3931.25,3869.5,3927.5,BRSU,36.75,40.5,-21.25,61.75,1770,-58.75,-22,3907,3922,-31.25,5.5,-16.25,20.5,0,1,0,,1
53,3/16/2023,3901,3999,3895,3993.5,BRLD,92.5,98,-6,104,635,-26.5,66,3907,3897,4,96.5,-6,86.5,1,1,1,,1
54,3/17/2023,3981.5,3992.5,3932.5,3952.5,BSU,-29,11,-49,60,-3968,-12,-41,3989,3994,-12.5,-41.5,-7.5,-36.5,0,0,0,,1
55,3/20/2023,3954.5,3989.5,3946.75,3986.25,BSU,31.75,35,-7.75,42.75,1186,2,33.75,3971,3951,3.5,35.25,-16.5,15.25,1,1,1,,1
56,3/21/2023,4020,4043.25,4003.5,4038,BLU,18,23.25,-16.5,39.75,3472,33.75,51.75,3997,4012,8,26,23,41,1,1,1,,0
57,3/22/2023,4035.75,4073.75,3967.75,3971.5,BLU,-64.25,38,-68,106,-904,-2.25,-66.5,3871,4028,7.75,-56.5,164.75,100.5,1,0,0,,0
58,3/23/2023,3996.5,4039.5,3948.5,3976,BLU,-20.5,43,-48,91,-381,25,4.5,3869,3995,1.5,-19,127.5,107,1,0,0,,0
59,3/24/2023,3962.5,4005.25,3937.5,4003.25,BRLU,40.75,42.75,-25,67.75,-514,-13.5,27.25,3868,3956,6.5,47.25,94.5,135.25,1,1,1,,0
60,3/27/2023,4026,4034.25,4000.25,4012.5,BLU,-13.5,8.25,-25.75,34,-760,22.75,9.25,3893,4009,17,3.5,133,119.5,1,1,1,,0
61,3/28/2023,4002.25,4009.5,3980.75,4006.25,BRSU,4,7.25,-21.5,28.75,372,-10.25,-6.25,3868,4004,-1.75,2.25,134.25,138.25,0,1,0,,0
62,3/29/2023,4044.5,4061.25,4032,4057.25,BLU,12.75,16.75,-12.5,29.25,-2690,38.25,51,3868,4030,14.5,27.25,176.5,189.25,1,1,1,,0
63,3/30/2023,4085,4087.75,4061.25,4081.25,BLU,-3.75,2.75,-23.75,26.5,3827,27.75,24,3866,4068,17,13.25,219,215.25,1,1,1,,0
64,3/31/2023,4090.25,4141.25,4088.5,4138.75,BLU,48.5,51,-1.75,52.75,3031,9,57.5,3916,4078,12.25,60.75,174.25,222.75,1,1,1,,0
65,4/3/2023,4132.5,4157.75,4127.75,4154.5,MRLU,22,25.25,-4.75,30,1639,-6.25,15.75,3941,4113,19.5,41.5,191.5,213.5,1,1,1,,0
66,4/4/2023,4160.25,4163.25,4115.25,4131.75,BLU,-28.5,3,-45,48,-3074,5.75,-22.75,3941,4153,7.25,-21.25,219.25,190.75,1,0,0,,0
67,4/5/2023,4120,4127.75,4099,4117,BLU,-3,7.75,-21,28.75,767,-11.75,-14.75,3939,4120,0,-3,181,178,0,0,0,,0
68,4/6/2023,4107.75,4135.25,4096.5,4130.75,MRSU,23,27.5,-11.25,38.75,-3416,-9.25,13.75,3938,4115,-7.25,15.75,169.75,192.75,0,1,0,,0
70,4/10/2023,4105.75,4140,4098.75,4139.5,BRLU,33.75,34.25,-7,41.25,1410,-25,8.75,3988,4099,6.75,40.5,117.75,151.5,1,1,1,,0
71,4/11/2023,4142.25,4151.75,4128.75,4138.75,BLU,-3.5,9.5,-13.5,23,-138,2.75,-0.75,3988,4129,13.25,9.75,154.25,150.75,1,1,1,,0
72,4/12/2023,4158.25,4161,4113.5,4119.25,BLU,-39,2.75,-44.75,47.5,-2093,19.5,-19.5,4013,4154,4.25,-34.75,145.25,106.25,1,0,0,,0
73,4/13/2023,4130.25,4177,4124.5,4172.25,BLU,42,46.75,-5.75,52.5,582,11,53,4011,4127,3.25,45.25,119.25,161.25,1,1,1,,0
74,4/14/2023,4166.25,4189,4138,4164,BRLU,-2.25,22.75,-28.25,51,-2082,-6,-8.25,4021,4157,9.25,7,145.25,143,1,1,1,,0
75,4/17/2023,4161,4179.5,4148,4179.25,BRLU,18.25,18.5,-13,31.5,-413,-3,15.25,4071,4157,4,22.25,90,108.25,1,1,1,,0
76,4/18/2023,4193.5,4194.75,4164.5,4177,BLU,-16.5,1.25,-29,30.25,-1366,14.25,-2.25,4111,4182,11.5,-5,82.5,66,1,0,0,,0
77,4/19/2023,4158.5,4187.5,4157.75,4175.25,BRSU,16.75,29,-0.75,29.75,2169,-18.5,-1.75,4156,4161,-2.5,14.25,2.5,19.25,0,1,0,,0
78,4/20/2023,4146.25,4171.75,4137,4156.75,BRSU,10.5,25.5,-9.25,34.75,-1,-29,-18.5,4138,4154,-7.75,2.75,8.25,18.75,0,1,0,,1
79,4/21/2023,4155.75,4161,4135.25,4155.5,BRSU,-0.25,5.25,-20.5,25.75,-2829,-1,-1.25,4138,4154,1.75,1.5,17.75,17.5,1,1,1,,1
80,4/24/2023,4153.5,4164.25,4139,4159.5,BLU,6,10.75,-14.5,25.25,272,-2,4,3957,4158,-4.5,1.5,196.5,202.5,0,1,0,,0
81,4/25/2023,4138.5,4144.25,4091.5,4104.25,BRSU,-34.25,5.75,-47,52.75,-448,-21,-55.25,3981,4142,-3.5,-37.75,157.5,123.25,0,0,0,,0
82,4/26/2023,4098.75,4109.75,4068.75,4075.5,BRSU,-23.25,11,-30,41,1233,-5.5,-28.75,3980,4111,-12.25,-35.5,118.75,95.5,0,0,0,,0
83,4/27/2023,4099.75,4166.5,4097.25,4162.75,BSU,63,66.75,-2.5,69.25,2357,24.25,87.25,3978,4099,0.75,63.75,121.75,184.75,1,1,1,,0
84,4/28/2023,4144.5,4193.75,4143.75,4191.25,MRLU,46.75,49.25,-0.75,50,2300,-18.25,28.5,3938,4139,5.5,52.25,206.5,253.25,1,1,1,,0
85,5/1/2023,4184.25,4206.25,4182.25,4187.75,BLU,3.5,22,-2,24,39,-7,-3.5,3998,4164,20.25,23.75,186.25,189.75,1,1,1,,0
86,5/2/2023,4177,4177.25,4105.5,4138,MRSU,-39,0.25,-71.5,71.75,-2395,-10.75,-49.75,3998,4174,3,-36,179,140,1,0,0,,0
87,5/3/2023,4141.5,4167,4105,4111.5,BLU,-30,25.5,-36.5,62,-346,3.5,-26.5,3992,4138,3.5,-26.5,149.5,119.5,1,0,0,,0
88,5/4/2023,4095.25,4098.25,4062.25,4073.75,BRSU,-21.5,3,-33,36,-2035,-16.25,-37.75,3950,4111,-15.75,-37.25,145.25,123.75,0,0,0,,0
89,5/5/2023,4114.5,4163.25,4111.5,4147.5,BLU,33,48.75,-3,51.75,-1341,40.75,73.75,3947,4110,4.5,37.5,167.5,200.5,1,1,1,,0
90,5/8/2023,4154.75,4157.5,4137.5,4151.25,MRLU,-3.5,2.75,-17.25,20,-1522,7.25,3.75,4014,4144,10.75,7.25,140.75,137.25,1,1,1,,0
91,5/9/2023,4135.5,4145.25,4131,4136.75,BRSU,1.25,9.75,-4.5,14.25,202,-15.75,-14.5,3998,4134,1.5,2.75,137.5,138.75,1,1,1,,0
92,5/10/2023,4162.75,4169.5,4112.25,4155.5,BLU,-7.25,6.75,-50.5,57.25,-2453,26,18.75,4012,4158,4.75,-2.5,150.75,143.5,1,0,0,,0
93,5/11/2023,4141.5,4146.75,4121.5,4144.5,BRSU,3,5.25,-20,25.25,-3803,-14,-11,4021,4136,5.5,8.5,120.5,123.5,1,1,1,,0
94,5/12/2023,4155.75,4158.25,4111.75,4134.75,BLU,-21,2.5,-44,46.5,-1275,11.25,-9.75,4031,4151,4.75,-16.25,124.75,103.75,1,0,0,,0
95,5/15/2023,4143,4155.25,4123,4150,MRLU,7,12.25,-20,32.25,-1594,8.25,15.25,4045,4125,18,25,98,105,1,1,1,,0
96,5/16/2023,4139,4148.75,4120,4122.5,BRSU,-16.5,9.75,-19,28.75,223,-11,-27.5,4070,4140,-1,-17.5,69,52.5,0,0,0,,0
97,5/17/2023,4143.75,4179,4125.75,4170.25,BSU,26.5,35.25,-18,53.25,584,21.25,47.75,4079,4145,-1.25,25.25,64.75,91.25,0,1,0,,0
98,5/18/2023,4167.25,4215.5,4164.75,4211.5,MRLU,44.25,48.25,-2.5,50.75,-303,-3,41.25,4143,4158,9.25,53.5,24.25,68.5,1,1,1,,0
99,5/19/2023,4219.75,4225.75,4191.5,4204,MRLD,-15.75,6,-28.25,34.25,2095,8.25,-7.5,4208,4202,17.75,2,11.75,-4,1,1,1,,1
100,5/22/2023,4204.5,4221.75,4191,4207.25,MRLU,2.75,17.25,-13.5,30.75,2873,0.5,3.25,4017,4197,7.5,10.25,187.5,190.25,1,1,1,,0
101,5/23/2023,4187.75,4198.5,4153,4159.25,BRSU,-28.5,10.75,-34.75,45.5,812,-19.5,-48,4016,4191,-3.25,-31.75,171.75,143.25,0,0,0,,0
102,5/24/2023,4140,4143.75,4114,4127,BRSU,-13,3.75,-26,29.75,-1126,-19.25,-32.25,3990,4140,0,-13,150,137,0,0,0,,0
103,5/25/2023,4160.75,4175.5,4137.5,4159.5,BSU,-1.25,14.75,-23.25,38,-410,33.75,32.5,3987,4153,7.75,6.5,173.75,172.5,1,1,1,,0
104,5/26/2023,4166.25,4221.25,4165.5,4215,NA,48.75,55,-0.75,55.75,3512,6.75,55.5,3987,4153,13.25,62,179.25,228,1,1,1,,0
105,5/29/2023,4221.5,4227.25,4220.25,4224.75,NA,3.25,5.75,-1.25,7,-27,6.5,9.75,3987,4153,68.5,71.75,234.5,237.75,1,1,1,,0
106,5/30/2023,4233,4238.5,4200,4216.75,BLU,-16.25,5.5,-33,38.5,2102,8.25,-8,4047,4217,16,-0.25,186,169.75,1,0,0,,0
107,5/31/2023,4194.75,4204.5,4174,4187.5,BRLU,-7.25,9.75,-20.75,30.5,1693,-22,-29.25,4036,4191,3.75,-3.5,158.75,151.5,1,0,0,,0
108,6/1/2023,4191.25,4239.75,4178,4230,MRSU,38.75,48.5,-13.25,61.75,-3285,3.75,42.5,4034,4190,1.25,40,157.25,196,1,1,1,,0
109,6/2/2023,4254.75,4297.75,4249,4288.5,BLU,33.75,43,-5.75,48.75,3869,24.75,58.5,4084,4244,10.75,44.5,170.75,204.5,1,1,1,,0
110,6/5/2023,4292,4305.75,4273,4281,BLU,-11,13.75,-19,32.75,-3042,3.5,-7.5,4108,4289,3,-8,184,173,1,0,0,,0
111,6/6/2023,4275.5,4294.75,4268.5,4291.75,BRSU,16.25,19.25,-7,26.25,951,-5.5,10.75,4108,4273,2.5,18.75,167.5,183.75,1,1,1,,0
112,6/7/2023,4292.75,4304.75,4269.25,4274.75,BLU,-18,12,-23.5,35.5,-323,1,-17,4133,4288,4.75,-13.25,159.75,141.75,1,0,0,,0
113,6/8/2023,4272.5,4302.5,4264.5,4295,BRSU,22.5,30,-8,38,1391,-2.25,20.25,4131,4276,-3.5,19,141.5,164,0,1,0,,0
114,6/9/2023,4305.25,4325.5,4294,4307,BLU,1.75,20.25,-11.25,31.5,-1791,10.25,12,4155,4290,15.25,17,150.25,152,1,1,1,,0
115,6/12/2023,4358.25,4389.5,4351.25,4387,MRSU,28.75,31.25,-7,38.25,707,51.25,80,4230,4315,43.25,72,128.25,157,1,1,1,,0
116,6/13/2023,4402.75,4423.25,4396,4415,BLU,12.25,20.5,-6.75,27.25,2305,15.75,28,4323,4374,28.75,41,79.75,92,1,1,1,,0
117,6/14/2023,4418.5,4439.5,4383.5,4422.25,BLU,3.75,21,-35,56,-2394,3.5,7.25,4352,4408,10.5,14.25,66.5,70.25,1,1,1,,0
118,6/15/2023,4408.25,4485.5,4407.25,4468.25,BLU,60,77.25,-1,78.25,-13,-14,46,4369,4404,4.25,64.25,39.25,99.25,1,1,1,,0
119,6/16/2023,4492.5,4493.5,4451,4460.75,BLD,-31.75,1,-41.5,42.5,-1138,24.25,-7.5,4486,4481,11.5,-20.25,6.5,-25.25,1,0,0,,1
120,6/19/2023,4448.25,4449,4443,4448.25,BRSU,0,0.75,-5.25,6,10,-12.5,-12.5,4486,4481,-32.75,-32.75,-37.75,-37.75,0,0,0,,0
121,6/20/2023,4435,4444.75,4410.5,4429.75,BRSU,-5.25,9.75,-24.5,34.25,956,-13.25,-18.5,4131,4440,-5,-10.25,304,298.75,0,0,0,,0
122,6/21/2023,4422,4430.75,4403.5,4411,BRSU,-11,8.75,-18.5,27.25,-1837,-7.75,-18.75,4131,4430,-8,-19,291,280,0,0,0,,0
123,6/22/2023,4398,4425.5,4393.75,4424,BRLU,26,27.5,-4.25,31.75,-1763,-13,13,4256,4393,5,31,142,168,1,1,1,,0
124,6/23/2023,4386,4408,4381.5,4390.5,BRSU,4.5,22,-4.5,26.5,223,-38,-33.5,4280,4391,-5,-0.5,106,110.5,0,0,0,,0
125,6/26/2023,4383,4403,4368.5,4373,BRSU,-10,20,-14.5,34.5,1681,-7.5,-17.5,4280,4391,-8,-18,103,93,0,0,0,,0
126,6/27/2023,4379.5,4424.75,4374.5,4415,MRSU,35.5,45.25,-5,50.25,1942,6.5,42,4279,4386,-6.5,29,100.5,136,0,1,0,,0
127,6/28/2023,4406.25,4430.25,4399.25,4423,BRSU,16.75,24,-7,31,-2841,-8.75,8,4279,4405,1.25,18,127.25,144,1,1,1,,0
128,6/29/2023,4414,4437.75,4409.75,4436.5,MRSU,22.5,23.75,-4.25,28,-647,-9,13.5,4282,4414,0,22.5,132,154.5,0,1,0,,0
129,6/30/2023,4468.25,4498,4465,4484.25,BLU,16,29.75,-3.25,33,783,31.75,47.75,4327,4453,15.25,31.25,141.25,157.25,1,1,1,,0
130,7/3/2023,4482.75,4494,4479.5,4492,MRLU,9.25,11.25,-3.25,14.5,2742,-1.5,7.75,4351,4478,4.75,14,131.75,141,1,1,1,,0
131,7/4/2023,4491.25,4491.75,4488.25,4490.5,NA,-0.75,0.5,-3,3.5,53,-0.75,-1.5,4351,4478,13.25,12.5,140.25,139.5,1,1,1,,0
132,7/5/2023,4471.25,4491.25,4471,4483.75,BLU,12.5,20,-0.25,20.25,-530,-19.25,-6.75,4350,4472,-0.75,11.75,121.25,133.75,0,1,0,,0
133,7/6/2023,4443.75,4451,4419.5,4447.75,BRSU,4,7.25,-24.25,31.5,-3043,-40,-36,4348,4464,-20.25,-16.25,95.75,99.75,0,0,0,,0
134,7/7/2023,4434.75,4476,4431.75,4438.25,BRSU,3.5,41.25,-3,44.25,3120,-13,-9.5,4347,4443,-8.25,-4.75,87.75,91.25,0,0,0,,0
135,7/10/2023,4430,4446.75,4424,4446.25,BRSU,16.25,16.75,-6,22.75,1510,-8.25,8,4372,4438,-8,8.25,58,74.25,0,1,0,,0
136,7/11/2023,4453,4478.5,4442,4471.75,BLU,18.75,25.5,-11,36.5,209,6.75,25.5,4397,4448,5,23.75,56,74.75,1,1,1,,0
137,7/12/2023,4512.5,4523.75,4497,4511,BLU,-1.5,11.25,-15.5,26.75,681,40.75,39.25,4422,4513,-0.5,-2,90.5,89,0,0,0,,0
138,7/13/2023,4526,4551.5,4521.25,4541,BLU,15,25.5,-4.75,30.25,5006,15,30,4426,4522,4,19,100,115,1,1,1,,0
139,7/14/2023,4551.5,4560.5,4531,4536.75,BLU,-14.75,9,-20.5,29.5,157,10.5,-4.25,4480,4541,10.5,-4.25,71.5,56.75,1,0,0,,0
140,7/17/2023,4536.75,4565.75,4536.25,4551,NA,14.25,29,-0.5,29.5,-971,0,14.25,4480,4541,-4.25,10,56.75,71,0,1,0,,0
141,7/18/2023,4550,4594.5,4545.25,4584.5,BRSU,34.5,44.5,-4.75,49.25,2638,-1,33.5,4514,4550,0,34.5,36,70.5,0,1,0,,0
142,7/19/2023,4595.25,4609.25,4588.5,4595,BLU,-0.25,14,-6.75,20.75,3255,10.75,10.5,4569,4590,5.25,5,26.25,26,1,1,1,,0
143,7/20/2023,4584.25,4594.25,4557.25,4567.25,BRLU,-17,10,-27,37,-1942,-10.75,-27.75,4577,4587,-2.75,-19.75,7.25,-9.75,0,0,0,,1
144,7/21/2023,4581.75,4584,4563,4564.25,MRSD,-17.5,2.25,-18.75,21,2082,14.5,-3,4577,4577,4.75,-12.75,4.75,-12.75,1,0,0,,1
145,7/24/2023,4575.25,4592.5,4568.75,4584.5,BLU,9.25,17.25,-6.5,23.75,1836,11,20.25,4541,4576,-0.75,8.5,34.25,43.5,0,1,0,,0
146,7/25/2023,4580,4608.75,4579.5,4595,BRSU,15,28.75,-0.5,29.25,1376,-4.5,10.5,4540,4580,0,15,40,55,0,1,0,,0
147,7/26/2023,4585.25,4610.75,4573.75,4597.25,BRLU,12,25.5,-11.5,37,-1270,-9.75,2.25,4408,4580,5.25,17.25,177.25,189.25,1,1,1,,0
148,7/27/2023,4629.25,4633.5,4553.75,4567.25,BLU,-62,4.25,-75.5,79.75,2017,32,-30,4457,4618,11.25,-50.75,172.25,110.25,1,0,0,,0
149,7/28/2023,4596.75,4616.5,4588.75,4606,MRLU,9.25,19.75,-8,27.75,1139,29.5,38.75,4436,4593,3.75,13,160.75,170,1,1,1,,0
150,7/31/2023,4611.5,4619.25,4597.75,4615.75,NA,4.25,7.75,-13.75,21.5,359,5.5,9.75,4461,4607,4.5,8.75,150.5,154.75,1,1,1,,0
151,8/1/2023,4599.5,4609.25,4591,4598.75,MRSU,-0.75,9.75,-8.5,18.25,-1765,-16.25,-17,4460,4601,-1.5,-2.25,139.5,138.75,0,0,0,,0
152,8/2/2023,4567.75,4570.25,4527.75,4535,BRSU,-32.75,2.5,-40,42.5,-6574,-31,-63.75,4434,4570,-2.25,-35,133.75,101,0,0,0,,0
153,8/3/2023,4513.25,4540.5,4505.75,4532.75,BRSU,19.5,27.25,-7.5,34.75,-1573,-21.75,-2.25,4407,4517,-3.75,15.75,106.25,125.75,0,1,0,,0
154,8/4/2023,4538.5,4560.75,4493.75,4498,MRSU,-40.5,22.25,-44.75,67,3465,5.75,-34.75,4405,4541,-2.5,-43,133.5,93,0,0,0,,0
155,8/7/2023,4518.25,4539.75,4510.5,4539,MRSU,20.75,21.5,-7.75,29.25,882,20.25,41,4430,4536,-17.75,3,88.25,109,0,1,0,,0
156,8/8/2023,4510.75,4522.25,4482,4516,BRSU,5.25,11.5,-28.75,40.25,-2657,-28.25,-23,4429,4514,-3.25,2,81.75,87,0,1,0,,0
157,8/9/2023,4519.75,4521.5,4478.25,4490.75,BRLU,-29,1.75,-41.5,43.25,215,3.75,-25.25,4428,4514,5.75,-23.25,91.75,62.75,1,0,0,,0
158,8/10/2023,4509,4544.75,4473.5,4482.75,BLU,-26.25,35.75,-35.5,71.25,2934,18.25,-8,4421,4512,-3,-29.25,88,61.75,0,0,0,,0
159,8/11/2023,4465.5,4493,4459,4484,BRSU,18.5,27.5,-6.5,34,1232,-17.25,1.25,4400,4465,0.5,19,65.5,84,1,1,1,,0
160,8/14/2023,4472.5,4507.75,4469,4506.75,BRSU,34.25,35.25,-3.5,38.75,-2544,-11.5,22.75,4445,4475,-2.5,31.75,27.5,61.75,0,1,0,,0
161,8/15/2023,4487.25,4491,4447,4453.25,BRSU,-34,3.75,-40.25,44,86,-19.5,-53.5,4444,4489,-1.75,-35.75,43.25,9.25,0,0,0,,0
162,8/16/2023,4448.25,4465.5,4417,4421.25,BRSU,-27,17.25,-31.25,48.5,-370,-5,-32,4423,4463,-14.75,-41.75,25.25,-1.75,0,0,0,,1
163,8/17/2023,4433,4435.75,4378.5,4382.25,BRSU,-50.75,2.75,-54.5,57.25,-2670,11.75,-39,4421,4436,-3,-53.75,12,-38.75,0,0,0,,1
164,8/18/2023,4353.5,4396,4350,4385.75,BRSU,32.25,42.5,-3.5,46,282,-28.75,3.5,4349,4364,-10.5,21.75,4.5,36.75,0,1,0,,0
165,8/21/2023,4395,4421,4372.25,4409.5,BSU,14.5,26,-22.75,48.75,1413,9.25,23.75,4243,4394,1,15.5,152,166.5,1,1,1,,0
166,8/22/2023,4431,4431.25,4394.25,4398.5,BLU,-32.5,0.25,-36.75,37,1522,21.5,-11,4273,4424,7,-25.5,158,125.5,1,0,0,,0
167,8/23/2023,4410.5,4455.25,4409,4449,BLU,38.5,44.75,-1.5,46.25,1197,12,50.5,4267,4413,-2.5,36,143.5,182,0,1,0,,0
168,8/24/2023,4463.5,4468.75,4380.25,4384,BSU,-79.5,5.25,-83.25,88.5,-4788,14.5,-65,4291,4466,-2.5,-82,172.5,93,0,0,0,,0
169,8/25/2023,4402.25,4429,4365.25,4415.5,BSU,13.25,26.75,-37,63.75,-1187,18.25,31.5,4224,4410,-7.75,5.5,178.25,191.5,0,1,0,,0
170,8/28/2023,4437.75,4449.5,4423.25,4443,BLU,5.25,11.75,-14.5,26.25,4824,22.25,27.5,4289,4430,7.75,13,148.75,154,1,1,1,,0
171,8/29/2023,4441,4509,4438.5,4507,BLU,66,68,-2.5,70.5,-213,-2,64,4263,4439,2,68,178,244,1,1,1,,0
172,8/30/2023,4509.25,4530.75,4501,4523.75,BLU,14.5,21.5,-8.25,29.75,-564,2.25,16.75,4298,4503,6.25,20.75,211.25,225.75,1,1,1,,0
173,8/31/2023,4527.75,4539.75,4512.75,4517.75,BLU,-10,12,-15,27,-58,4,-6,4360,4526,1.75,-8.25,167.75,157.75,1,0,0,,0
174,9/1/2023,4542.75,4547.5,4507.25,4521.25,BLU,-21.5,4.75,-35.5,40.25,1476,25,3.5,4385,4531,11.75,-9.75,157.75,136.25,1,0,0,,0
175,9/4/2023,4526.5,4528.25,4515.25,4518.75,NA,-7.75,1.75,-11.25,13,-51,5.25,-2.5,4385,4531,-4.5,-12.25,141.5,133.75,0,0,0,,0
176,9/5/2023,4517.5,4520.75,4501,4501.5,BRSU,-16,3.25,-16.5,19.75,-1856,-1.25,-17.25,4394,4525,-7.5,-23.5,123.5,107.5,0,0,0,,0
177,9/6/2023,4493,4494.25,4447,4469.5,BRLU,-23.5,1.25,-46,47.25,996,-8.5,-32,4388,4489,4,-19.5,105,81.5,1,0,0,,0
178,9/7/2023,4438,4463,4434.25,4454.25,BRSU,16.25,25,-3.75,28.75,-243,-31.5,-15.25,4331,4446,-8,8.25,107,123.25,0,1,0,,0
179,9/8/2023,4455.25,4477.5,4451.5,4463.5,BLU,8.25,22.25,-3.75,26,3084,1,9.25,4356,4461,-5.75,2.5,99.25,107.5,0,1,0,,0
180,9/11/2023,4538,4543.5,4519.5,4540.75,BLU,2.75,5.5,-18.5,24,1576,74.5,77.25,4420,4475,63,65.75,118,120.75,1,1,1,,0
181,9/12/2023,4523.75,4539,4507.25,4514.25,BRSU,-9.5,15.25,-16.5,31.75,43,-17,-26.5,4463,4529,-5.25,-14.75,60.75,51.25,0,0,0,,0
182,9/13/2023,4515.25,4530.25,4503,4520,MRLU,4.75,15,-12.25,27.25,1815,1,5.75,4467,4507,8.25,13,48.25,53,1,1,1,,0
183,9/14/2023,4542,4562,4528,4555.5,BLU,13.5,20,-14,34,2156,22,35.5,4521,4526,16,29.5,21,34.5,1,1,1,,0
184,9/15/2023,4537,4540.5,4494,4497.5,BRSU,-39.5,3.5,-43,46.5,-624,-18.5,-58,4540,4551,-14,-53.5,-3,-42.5,0,0,0,,1
185,9/18/2023,4494.5,4514.5,4490,4500.75,BRSU,6.25,20,-4.5,24.5,3669,-3,3.25,4209,4499,-4.5,1.75,285.5,291.75,0,1,0,,0
186,9/19/2023,4490.5,4496.75,4462.25,4491.25,BRLU,0.75,6.25,-28.25,34.5,469,-10.25,-9.5,4209,4488,2.5,3.25,281.5,282.25,1,1,1,,0
187,9/20/2023,4503.25,4507.5,4443.5,4445.5,BSU,-57.75,4.25,-59.75,64,985,12,-45.75,4209,4503,0.25,-57.5,294.25,236.5,1,0,0,,0
188,9/21/2023,4415.75,4418.5,4369,4370,NA,-45.75,2.75,-46.75,49.5,-5079,-29.75,-75.5,4209,4503,-87.25,-133,206.75,161,0,0,0,,0
189,9/22/2023,4382.25,4399,4357.25,4361.75,MRSU,-20.5,16.75,-25,41.75,1940,12.25,-8.25,4129,4377,5.25,-15.25,253.25,232.75,1,0,0,,0
190,9/25/2023,4348.25,4381.5,4343.5,4379,BRSU,30.75,33.25,-4.75,38,-2479,-13.5,17.25,4154,4371,-22.75,8,194.25,225,0,1,0,,0
191,9/26/2023,4346.25,4354,4305.5,4315.25,BRSU,-31,7.75,-40.75,48.5,1002,-32.75,-63.75,4127,4355,-8.75,-39.75,219.25,188.25,0,0,0,,0
192,9/27/2023,4325.5,4331.75,4277,4316.25,BRSU,-9.25,6.25,-48.5,54.75,1326,10.25,1,4127,4334,-8.5,-17.75,198.5,189.25,0,0,0,,0
193,9/28/2023,4307.25,4355.75,4301,4334.75,BRSU,27.5,48.5,-6.25,54.75,1525,-9,18.5,4125,4307,0.25,27.75,182.25,209.75,1,1,1,,0
194,9/29/2023,4369.75,4371.25,4311,4326.5,BLU,-43.25,1.5,-58.75,60.25,941,35,-8.25,4175,4368,1.75,-41.5,194.75,151.5,1,0,0,,0
195,10/2/2023,4317.25,4337.75,4295.5,4327,BRSU,9.75,20.5,-21.75,42.25,5332,-9.25,0.5,4149,4326,-8.75,1,168.25,178,0,1,0,,0
196,10/3/2023,4301,4317,4251.25,4269.25,BRSU,-31.75,16,-49.75,65.75,-396,-26,-57.75,4148,4315,-14,-45.75,153,121.25,0,0,0,,0
197,10/4/2023,4269.5,4304,4254.25,4294,MRSU,24.5,34.5,-15.25,49.75,-210,0.25,24.75,4147,4283,-13.5,11,122.5,147,0,1,0,,0
198,10/5/2023,4290.75,4300.75,4258,4290,BRLU,-0.75,10,-32.75,42.75,925,-3.25,-4,4160,4287,3.75,3,130.75,130,1,1,1,,0
199,10/6/2023,4265.25,4358.5,4251.5,4345.25,BRSU,80,93.25,-13.75,107,2135,-24.75,55.25,4118,4270,-4.75,75.25,147.25,227.25,0,1,0,,0
200,10/9/2023,4321.75,4375.75,4316,4371.5,BRLU,49.75,54,-5.75,59.75,1989,-23.5,26.25,4219,4315,6.75,56.5,102.75,152.5,1,1,1,,0
201,10/10/2023,4376,4419,4371.25,4393,BLU,17,43,-4.75,47.75,260,4.5,21.5,4244,4366,10,27,132,149,1,1,1,,0
202,10/11/2023,4402.5,4415.75,4377.25,4414.5,BLU,12,13.25,-25.25,38.5,1018,9.5,21.5,4269,4385,17.5,29.5,133.5,145.5,1,1,1,,0
203,10/12/2023,4413.75,4417.5,4355.5,4380.5,BLU,-33.25,3.75,-58.25,62,-1549,-0.75,-34,4272,4404,9.75,-23.5,141.75,108.5,1,0,0,,0
204,10/13/2023,4395,4407.75,4340.75,4354.25,BLU,-40.75,12.75,-54.25,67,3024,14.5,-26.25,4301,4382,13,-27.75,94,53.25,1,0,0,,0
205,10/16/2023,4380.25,4414.25,4377.75,4403,BLU,22.75,34,-2.5,36.5,1191,26,48.75,4336,4371,9.25,32,44.25,67,1,1,1,,0
206,10/17/2023,4369.25,4423.25,4365.75,4399,BRSU,29.75,54,-3.5,57.5,-1902,-33.75,-4,4330,4375,-5.75,24,39.25,69,0,1,0,,0
207,10/18/2023,4382.75,4392.5,4330.75,4346,BRLU,-36.75,9.75,-52,61.75,-829,-16.25,-53,4350,4380,2.75,-34,32.75,-4,1,0,0,,1
208,10/19/2023,4347.75,4366.5,4292.75,4294.75,BRSU,-53,18.75,-55,73.75,-449,1.75,-51.25,4333,4358,-10.25,-63.25,14.75,-38.25,0,0,0,,1
209,10/20/2023,4296.5,4302.25,4245,4246.25,BRSU,-50.25,5.75,-51.5,57.25,-3074,1.75,-48.5,4296,4311,-14.5,-64.75,0.5,-49.75,0,0,0,,1
210,10/23/2023,4231.25,4280.75,4213.25,4247.25,BRSU,16,49.5,-18,67.5,-5920,-15,1,4058,4255,-23.75,-7.75,173.25,189.25,0,0,0,,0
211,10/24/2023,4261.75,4290.5,4242,4273.25,BLU,11.5,28.75,-19.75,48.5,794,14.5,26,4083,4260,1.75,13.25,178.75,190.25,1,1,1,,0
212,10/25/2023,4253.5,4253.5,4203.75,4214.25,BRSU,-39.25,0,-49.75,49.75,-4295,-19.75,-59,4083,4249,4.5,-34.75,170.5,131.25,1,0,0,,0
213,10/26/2023,4196.25,4205,4146.25,4162.25,BRSU,-34,8.75,-50,58.75,565,-18,-52,4030,4211,-14.75,-48.75,166.25,132.25,0,0,0,,0
214,10/27/2023,4172.75,4176.75,4122.25,4139.25,BRSU,-33.5,4,-50.5,54.5,-186,10.5,-23,4029,4180,-7.25,-40.75,143.75,110.25,0,0,0,,0
215,10/30/2023,4165.75,4197.5,4152,4184.5,BLU,18.75,31.75,-13.75,45.5,4672,26.5,45.25,4054,4170,-4.25,14.5,111.75,130.5,0,1,0,,0
216,10/31/2023,4191.5,4215,4171.75,4207.5,MRLU,16,23.5,-19.75,43.25,-939,7,23,4028,4179,12.5,28.5,163.5,179.5,1,1,1,,0
217,11/1/2023,4221.5,4264.75,4215.5,4256.25,BLU,34.75,43.25,-6,49.25,-782,14,48.75,4078,4214,7.5,42.25,143.5,178.25,1,1,1,,0
218,11/2/2023,4294,4337.75,4293.75,4333.75,BLU,39.75,43.75,-0.25,44,1705,37.75,77.5,4127,4273,21,60.75,167,206.75,1,1,1,,0
219,11/3/2023,4359.5,4391.75,4358.25,4378.25,BLU,18.75,32.25,-1.25,33.5,-1694,25.75,44.5,4152,4333,26.5,45.25,207.5,226.25,1,1,1,,0
220,11/6/2023,4382.5,4389.5,4364.25,4382.25,MRLU,-0.25,7,-18.25,25.25,-2248,4.25,4,4201,4372,10.5,10.25,181.5,181.25,1,1,1,,0
221,11/7/2023,4384,4403.25,4372.25,4396.5,MRSU,12.5,19.25,-11.75,31,-3358,1.75,14.25,4211,4382,2,14.5,173,185.5,1,1,1,,0
222,11/8/2023,4402.25,4407.75,4375,4396.25,MRLU,-6,5.5,-27.25,32.75,443,5.75,-0.25,4251,4396,6.25,0.25,151.25,145.25,1,1,1,,0
223,11/9/2023,4409,4409.5,4357.75,4364.75,BSU,-44.25,0.5,-51.25,51.75,-3107,12.75,-31.5,4253,4404,5,-39.25,156,111.75,1,0,0,,0
224,11/10/2023,4383.75,4435.5,4367.75,4431.5,NA,47.75,51.75,-16,67.75,-1749,19,66.75,4253,4404,-20.25,27.5,130.75,178.5,0,1,0,,0
225,11/13/2023,4415.5,4436.75,4407.25,4427,MRLU,11.5,21.25,-8.25,29.5,-107,-16,-4.5,4322,4413,2.5,14,93.5,105,1,1,1,,0
226,11/14/2023,4486.5,4524.25,4483.75,4514,BLU,27.5,37.75,-2.75,40.5,9623,59.5,87,4392,4458,28.5,56,94.5,122,1,1,1,,0
227,11/15/2023,4523.75,4536.75,4510.75,4515.75,BLU,-8,13,-13,26,1019,9.75,1.75,4452,4512,11.75,3.75,71.75,63.75,1,1,1,,0
228,11/16/2023,4513,4526.25,4501.75,4522.5,BRSU,9.5,13.25,-11.25,24.5,-713,-2.75,6.75,4475,4515,-2,7.5,38,47.5,0,1,0,,0
229,11/17/2023,4522.25,4534.5,4512.75,4527,BLU,4.75,12.25,-9.5,21.75,3099,-0.25,4.5,4514,4519,3.25,8,8.25,13,1,1,1,,1
230,11/20/2023,4524.5,4571,4524.5,4560,BLU,35.5,46.5,0,46.5,2688,-2.5,33,4268,4524,0.5,36,256.5,292,1,1,1,,0
231,11/21/2023,4550,4554.75,4537.75,4547.75,BSU,-2.25,4.75,-12.25,17,-1701,-10,-12.25,4266,4553,-3,-5.25,284,281.75,0,0,0,,0
232,11/22/2023,4566.5,4580.5,4555,4566,NA,-0.5,14,-11.5,25.5,1524,18.75,18.25,4266,4553,13.5,13,300.5,300,1,1,1,,0
233,11/23/2023,4570.25,4572.75,4567.5,4569.5,NA,-0.75,2.5,-2.75,5.25,-14,4.25,3.5,4266,4553,17.25,16.5,304.25,303.5,1,1,1,,0
234,11/24/2023,4566.25,4571,4562.75,4568.25,NA,2,4.75,-3.5,8.25,11,-3.25,-1.25,4266,4553,13.25,15.25,300.25,302.25,1,1,1,,0
235,11/27/2023,4561.25,4570,4555.5,4559,BRSU,-2.25,8.75,-5.75,14.5,-1887,-7,-9.25,4364,4564,-2.75,-5,197.25,195,0,0,0,,0
236,11/28/2023,4555.25,4577.25,4549.25,4563.75,BRSU,8.5,22,-6,28,-300,-3.75,4.75,4363,4559,-3.75,4.75,192.25,200.75,0,1,0,,0
237,11/29/2023,4585.25,4597,4555.5,4563.25,BLU,-22,11.75,-29.75,41.5,2044,21.5,-0.5,4428,4583,2.25,-19.75,157.25,135.25,1,0,0,,0
238,11/30/2023,4566.25,4579.5,4544.75,4573.75,BLU,7.5,13.25,-21.5,34.75,-2177,3,10.5,4410,4561,5.25,12.75,156.25,163.75,1,1,1,,0
239,12/1/2023,4568.75,4607.75,4562.5,4603.25,BSU,34.5,39,-6.25,45.25,-2415,-5,29.5,4425,4571,-2.25,32.25,143.75,178.25,0,1,0,,0
240,12/4/2023,4566,4579.75,4553.5,4574.25,BRSU,8.25,13.75,-12.5,26.25,793,-37.25,-29,4459,4580,-14,-5.75,107,115.25,0,0,0,,0
241,12/5/2023,4562,4585.5,4558.25,4576.75,NA,14.75,23.5,-3.75,27.25,-1660,-12.25,2.5,4459,4580,-18,-3.25,103,117.75,0,0,0,,0
242,12/6/2023,4597.25,4597.5,4552,4557.5,BLU,-39.75,0.25,-45.25,45.5,136,20.5,-19.25,4483,4594,3.25,-36.5,114.25,74.5,1,0,0,,0
243,12/7/2023,4576.5,4596,4569.75,4587.75,BSU,11.25,19.5,-6.75,26.25,3541,19,30.25,4482,4577,-0.5,10.75,94.5,105.75,0,1,0,,0
244,12/8/2023,4581,4613.75,4578.25,4606,BRLU,25,32.75,-2.75,35.5,-164,-6.75,18.25,4481,4576,5,30,100,125,1,1,1,,0
245,12/11/2023,4655.5,4679.5,4653,4676.75,MRLU,21.25,24,-2.5,26.5,900,49.5,70.75,4555,4595,60.5,81.75,100.5,121.75,1,1,1,,0
246,12/12/2023,4672.75,4700.25,4662.25,4700,MRLU,27.25,27.5,-10.5,38,-3272,-4,23.25,4584,4614,58.75,86,88.75,116,1,1,1,,0
247,12/13/2023,4700.25,4764.25,4696.75,4761.5,BLU,61.25,64,-3.5,67.5,3567,0.25,61.5,4680,4695,5.25,66.5,20.25,81.5,1,1,1,,0
248,12/14/2023,4779,4791.75,4746.25,4772,BLD,-7,12.75,-32.75,45.5,4754,17.5,10.5,4773,4768,11,4,6,-1,1,1,1,,1
249,12/15/2023,4768.25,4779.5,4757.25,4769,MRSU,0.75,11.25,-11,22.25,-8281,-3.75,-3,4763,4773,-4.75,-4,5.25,6,0,0,0,,1
250,12/18/2023,4782,4802.25,4780.25,4789.5,BLU,7.5,20.25,-1.75,22,605,13,20.5,4584,4782,0,7.5,198,205.5,0,1,0,,0
251,12/19/2023,4797.5,4821.5,4796.5,4818,BLU,20.5,24,-1,25,945,8,28.5,4588,4797,0.5,21,209.5,230,1,1,1,,0
252,12/20/2023,4810.5,4830.75,4743.25,4747.5,BLU,-63,20.25,-67.25,87.5,1248,-7.5,-70.5,4618,4805,5.5,-57.5,192.5,129.5,1,0,0,,0
253,12/21/2023,4781.25,4798.25,4755.5,4794.25,BSU,13,17,-25.75,42.75,-1075,33.75,46.75,4564,4793,-11.75,1.25,217.25,230.25,0,1,0,,0
254,12/22/2023,4806.25,4821.75,4784.75,4802.25,BLU,-4,15.5,-21.5,37,5322,12,8,4589,4797,9.25,5.25,217.25,213.25,1,1,1,,0
256,12/26/2023,4808.75,4834.5,4808,4825.25,BLU,16.5,25.75,-0.75,26.5,-624,6.5,23,4589,4807,1.75,18.25,219.75,236.25,1,1,1,,0
257,12/27/2023,4822.25,4836.25,4816.5,4836,BLU,13.75,14,-5.75,19.75,1778,-3,10.75,4614,4822,0.25,14,208.25,222,1,1,1,,0
258,12/28/2023,4832,4839.75,4828,4833,BSU,1,7.75,-4,11.75,-789,-4,-3,4640,4833,-1,0,192,193,0,0,0,,0
259,12/29/2023,4828.5,4835,4796.75,4814.75,NA,-13.75,6.5,-31.75,38.25,-279,-4.5,-18.25,4640,4833,-4.5,-18.25,188.5,174.75,0,0,0,,0
260,1/2/2024,2/3/1913,4797.5,4765.5,4787.75,NA,4.25,14,-18,32,-279,-31.25,-18.25,4640,4833,-49.5,-45.25,143.5,147.75,0,0,0,,
261,1/3/2024,1/15/1913,4771.75,4741,4746,BRSU,-18.25,7.5,-23.25,30.75,-279,-23.5,-18.25,4634,4807,-42.75,-61,130.25,112,0,0,0,,
262,1/4/2024,12/21/1912,4766.5,4727,4732.25,BRSU,-7.25,27,-12.5,39.5,-279,-6.5,-18.25,4587,4775,-35.5,-42.75,152.5,145.25,0,0,0,,
263,1/5/2024,12/12/1912,4760.25,4719.75,4737,BRSU,6.75,30,-10.5,40.5,-279,-2,-18.25,4584,4751,-20.75,-14,146.25,153,0,0,0,,
264,1/8/2024,12/21/1912,4803.25,4738,4800.25,BRSU,61,64,-1.25,65.25,-279,2.25,-18.25,4583,4735,4.25,65.25,156.25,217.25,1,1,1,,
265,1/9/2024,1/24/1913,4804,4767.5,4793.5,NA,20.5,31,-5.5,36.5,-279,-27.25,-18.25,4583,4739,34,54.5,190,210.5,1,1,1,,
266,1/10/2024,2/15/1913,4828.5,4792.25,4819,NA,23.75,33.25,-3,36.25,-279,1.75,-18.25,4583,4774,21.25,45,212.25,236,1,1,1,,
267,1/11/2024,3/19/1913,4832.25,4772.75,4813.75,NA,-13.25,5.25,-54.25,59.5,-279,8,-18.25,4600,4788,39,25.75,227,213.75,1,1,1,,
268,1/12/2024,3/21/1913,4836.5,4802.25,4814,BLU,-15,7.5,-26.75,34.25,-279,15.25,-18.25,4674,4821,8,-7,155,140,1,0,0,,
269,1/15/2024,3/3/1913,4813.5,4809,4814,BLU,2.5,2,-2.5,4.5,-279,-2.5,-18.25,4699,4820,-8.5,-6,112.5,115,0,0,0,,
270,1/16/2024,2/22/1913,4815.75,4779.5,4798,NA,-4,13.75,-22.5,36.25,-279,-12,-18.25,4699,4820,-18,-22,103,99,0,0,0,,
271,1/17/2024,1/17/1913,4775.75,4746.25,4769.75,NA,3.75,9.75,-19.75,29.5,-279,-32,-18.25,4748,4800,-34,-30.25,18,21.75,0,0,0,,
272,1/18/2024,2/6/1913,4817,4770,4807.75,BRSU,21.75,31,-16,47,-279,16.25,-18.25,4747,4777,9,30.75,39,60.75,1,1,1,,
273,1/19/2024,3/14/1913,4874.25,4815,4873.25,BLU,51.25,52.25,-7,59.25,-279,14.25,-18.25,4765,4770,52,103.25,57,108.25,1,1,1,,
274,1/22/2024,5/16/1913,4898.25,4873.5,4880.25,BLD,-5.5,12.5,-12.25,24.75,-279,12.5,-18.25,4815,4800,85.75,80.25,70.75,65.25,1,1,1,,
275,1/23/2024,5/16/1913,4897.75,4874.25,4895.75,BLU,10,12,-11.5,23.5,-279,5.5,-18.25,4618,4850,35.75,45.75,267.75,277.75,1,1,1,,
276,1/24/2024,6/23/1913,4933.25,4894,4894,BLU,-29.5,9.75,-29.5,39.25,-279,27.75,-18.25,4668,4875,48.5,19,255.5,226,1,1,1,,
277,1/25/2024,6/19/1913,4926.5,4896.75,4922.25,BLU,3.25,7.5,-22.25,29.75,-279,25,-18.25,4708,4890,29,32.25,211,214.25,1,1,1,,
278,1/26/2024,6/18/1913,4934.25,4907.5,4915,BLU,-3.25,16,-10.75,26.75,-279,-4,-18.25,4706,4898,20.25,17,212.25,209,1,1,1,,
279,1/29/2024,6/19/1913,4956,4912.75,4949.5,MRLU,30.5,37,-6.25,43.25,-279,4,-18.25,4866,4912,7,37.5,53,83.5,1,1,1,,
280,1/30/2024,7/16/1913,4957.25,4938.75,4940,MRSU,-6.25,11,-7.5,18.5,-279,-3.25,-18.25,4866,4921,25.25,19,80.25,74,1,1,1,,
281,1/31/2024,6/26/1913,4930.5,4866,4874.25,NA,-51.75,4.5,-60,64.5,-279,-14,-18.25,4864,4935,-9,-60.75,62,10.25,0,0,0,,
282,2/1/2024,5/14/1913,4933.5,4874.5,4930.25,BRLU,47,50.25,-8.75,59,-279,9,-18.25,4864,4924,-40.75,6.25,19.25,66.25,0,1,0,,
283,2/2/2024,7/3/1913,4997.75,4929,4976.5,BRSU,43.5,64.75,-4,68.75,-279,2.75,-18.25,4836,4897,36,79.5,97,140.5,1,1,1,,
284,2/5/2024,8/12/1913,4977.5,4937.75,4960.5,BLU,-12.5,4.5,-35.25,39.75,-279,-3.5,-18.25,4860,4931,42,29.5,113,100.5,1,1,1,,
285,2/6/2024,8/9/1913,4978.25,4955,4971.75,MRSU,1.75,8.25,-15,23.25,-279,9.5,-18.25,4860,4975,-5,-3.25,110,111.75,0,0,0,,
286,2/7/2024,9/5/1913,5020,4988,5013,BLU,15.5,22.5,-9.5,32,-279,25.75,-18.25,4959,4969,28.5,44,38.5,54,1,1,1,,
287,2/8/2024,9/21/1913,5020,5005,5015.75,BLU,2.5,6.75,-8.25,15,-279,0.25,-18.25,4898,4964,49.25,51.75,115.25,117.75,1,1,1,,
288,2/9/2024,9/28/1913,5048.5,5016.25,5042.5,MRLD,22.5,28.5,-3.75,32.25,-279,4.25,-18.25,5007,4997,23,45.5,13,35.5,1,1,1,,
289,2/12/2024,10/21/1913,5066.5,5033.25,5039.25,MRLU,-3.75,23.5,-9.75,33.25,-279,0.5,-18.25,5006,5016,27,23.25,37,33.25,1,1,1,,
290,2/13/2024,8/14/1913,4988.25,4936.5,4970,BLU,-5,13.25,-38.5,51.75,-279,-64.25,-18.25,4985,5031,-56,-61,-10,-15,0,0,0,,
291,2/14/2024,9/5/1913,5020.25,4972.75,5017.75,BRSU,20.5,23,-24.5,47.5,-279,27.25,-18.25,4954,4979,18.25,38.75,43.25,63.75,1,1,1,,
292,2/15/2024,9/27/1913,5049,5013.75,5048,BLU,29,30,-5.25,35.25,-279,1.25,-18.25,4959,4994,25,54,60,89,1,1,1,,
293,2/16/2024,10/21/1913,5054.5,5012.75,5015.25,BLU,-27.75,11.5,-30.25,41.75,-279,-5,-18.25,5005,5005,38,10.25,38,10.25,1,1,1,,
294,2/19/2024,10/3/1913,5028.75,5023,5015.25,BLD,-10.5,3,-2.75,5.75,-279,10.5,-18.25,5035,5025,0.75,-9.75,-9.25,-19.75,1,0,0,,
295,2/20/2024,9/9/1913,5009.25,4968.25,4988.75,NA,-13,7.5,-33.5,41,-279,-13.5,-18.25,5035,5025,-23.25,-36.25,-33.25,-46.25,0,0,0,,
296,2/21/2024,8/17/1913,4998.25,4959,4994.5,BRSU,16.5,20.25,-19,39.25,-279,-10.75,-18.25,4873,5009,-31,-14.5,105,121.5,0,0,0,,
297,2/22/2024,11/9/1913,5107.75,5052.25,5095.5,MRSU,33.25,45.5,-10,55.5,-279,67.75,-18.25,4873,5008,54.25,87.5,189.25,222.5,1,1,1,,
298,2/23/2024,12/31/1913,5123.5,5092.5,5098,BLU,-16.25,9.25,-21.75,31,-279,18.75,-18.25,4871,5042,72.25,56,243.25,227,1,1,1,,
299,2/26/2024,12/20/1913,5108,5078.25,5079.75,BLU,-24,4.25,-25.5,29.75,-279,5.75,-18.25,4920,5116,-12.25,-36.25,183.75,159.75,0,0,0,,
300,2/27/2024,12/3/1913,5091.75,5067,5089.25,MRSU,2.75,5.25,-19.5,24.75,-279,6.75,-18.25,4894,5105,-18.5,-15.75,192.5,195.25,0,0,0,,
301,2/28/2024,11/19/1913,5087.75,5068.5,5074.5,MRLU,2.25,15.5,-3.75,19.25,-279,-17,-18.25,4893,5084,-11.75,-9.5,179.25,181.5,0,0,0,,
302,2/29/2024,12/15/1913,5114.5,5070,5098,BRSU,0,16.5,-28,44.5,-279,23.5,-18.25,5018,5073,25,25,80,80,1,1,1,,
303,3/1/2024,12/22/1913,5149.25,5101.25,5141.75,NA,36,43.5,-4.5,48,-279,7.75,-18.25,5020,5091,14.75,50.75,85.75,121.75,1,1,1,,
304,3/4/2024,1/21/1914,5157.75,5135.25,5136.75,BLU,1,22,-0.5,22.5,-279,-6,-18.25,4990,5105,30.75,31.75,145.75,146.75,1,1,1,,
305,3/5/2024,1/2/1914,5121.5,5063,5089.25,MRLU,-27.25,5,-53.5,58.5,-279,-20.25,-18.25,5014,5135,-18.5,-45.75,102.5,75.25,0,0,0,,
306,3/6/2024,1/5/1914,5134.5,5097.75,5111.5,BRSU,-7.75,15.25,-21.5,36.75,-279,30,-18.25,5038,5119,0.25,-7.5,81.25,73.5,1,0,0,,
307,3/7/2024,1/29/1914,5170.5,5133.25,5156.75,BRLU,13.75,27.5,-9.75,37.25,-279,31.5,-18.25,5038,5113,30,43.75,105,118.75,1,1,1,,
308,3/8/2024,2/20/1914,5193,5121.75,5136.5,BLU,-28.5,28,-43.25,71.25,-279,8.25,-18.25,5046,5126,39,10.5,119,90.5,1,1,1,,
309,3/11/2024,3/4/1914,5191.5,5157,5185,BLU,7.5,14,-20.5,34.5,-279,41,-18.25,5085,5160,17.5,25,92.5,100,1,1,1,,
310,3/12/2024,4/2/1914,5246.75,5180,5242.25,BRSU,35.75,40.25,-26.5,66.75,-279,21.5,-18.25,5053,5113,93.5,129.25,153.5,189.25,1,1,1,,
311,3/13/2024,5/9/1914,5246,5217.5,5233.5,BSU,-9.75,2.75,-25.75,28.5,-279,1,-18.25,5156,5212,31.25,21.5,87.25,77.5,1,1,1,,
312,3/14/2024,5/6/1914,5241.5,5188,5221.75,MRLU,-18.25,1.5,-52,53.5,-279,6.5,-18.25,5201,5216,24,5.75,39,20.75,1,1,1,,
313,3/15/2024,3/13/1914,5201.75,5167.75,5185.75,MRLU,-0.25,15.75,-18.25,34,-279,-35.75,-18.25,5220,5220,-34,-34.25,-34,-34.25,0,0,0,,
314,3/18/2024,4/21/1914,5240.25,5210.25,5212.5,BRSU,-13,14.75,-15.25,30,-279,39.75,-18.25,5188,5209,16.5,3.5,37.5,24.5,1,1,1,,
315,3/19/2024,4/1/1914,5244.75,5195.25,5243.25,NA,37.5,39,-10.5,49.5,-279,-6.75,-18.25,5057,5225,-19.25,18.25,148.75,186.25,0,1,0,,
316,3/20/2024,5/7/1914,5291,5233,5290.25,BRSU,49.25,50,-8,58,-279,-2.25,-18.25,5056,5209,32,81.25,185,234.25,1,1,1,,
317,3/21/2024,7/20/1914,5322.75,5300,5303.5,BSU,-11.5,7.75,-15,22.75,-279,24.75,-18.25,5080,5243,72,60.5,235,223.5,1,1,1,,
318,3/22/2024,7/6/1914,5306,5289,5290.75,BLU,-10.5,4.75,-12.25,17,-279,-2.25,-18.25,5128,5285,16.25,5.75,173.25,162.75,1,1,1,,
319,3/25/2024,6/11/1914,5288.75,5274.25,5277.25,MRLU,0.5,12,-2.5,14.5,-279,-14,-18.25,5178,5300,-23.25,-22.75,98.75,99.25,0,0,0,,
320,3/26/2024,6/25/1914,5294.5,5263,5268.75,BRSU,-21.25,4.5,-27,31.5,-279,12.75,-18.25,5225,5283,7,-14.25,65,43.75,1,0,0,,
321,3/27/2024,6/28/1914,5313.75,5270.75,5312,BSU,19,20.75,-22.25,43,-279,24.25,-18.25,5226,5287,6,25,67,86,1,1,1,,
322,3/28/2024,7/14/1914,5321,5302,5305.5,BLU,-4,11.5,-7.5,19,-279,-2.5,-18.25,5199,5285,24.5,20.5,110.5,106.5,1,1,1,,
323,3/29/2024,7/14/1914,5321,5302,5305.5,BLU,-4,11.5,-7.5,19,-279,4,-18.25,5226,5307,2.5,-1.5,83.5,79.5,1,0,0,,
324,4/1/2024,7/16/1914,5317.25,5282.25,5295.5,NA,-16.25,5.5,-29.5,35,-279,6.25,-18.25,5226,5307,4.75,-11.5,85.75,69.5,1,0,0,,
325,4/2/2024,5/19/1914,5262,5235,5261.75,BSU,8.5,8.75,-18.25,27,-279,-42.25,-18.25,5222,5313,-59.75,-51.25,31.25,39.75,0,0,0,,
326,4/3/2024,5/13/1914,5280.75,5247,5269.5,BRSU,21.75,33,-0.75,33.75,-279,-14,-18.25,5230,5281,-33.25,-11.5,17.75,39.5,0,0,0,,
327,4/4/2024,7/10/1914,5308.5,5194.25,5202,MRSU,-103.25,3.25,-111,114.25,-279,35.75,-18.25,5230,5265,40.25,-63,75.25,-28,1,0,0,,
328,4/5/2024,4/7/1914,5272.5,5206.75,5250.25,BLU,39.25,61.5,-4.25,65.75,-279,9,-18.25,5270,5304,-93,-53.75,-59,-19.75,0,0,0,,
329,4/8/2024,5/24/1914,5268.75,5245.25,5256,BRSU,-2.5,10.25,-13.25,23.5,-279,8.25,-18.25,5265,5215,43.5,41,-6.5,-9,1,1,1,,
330,4/9/2024,6/6/1914,5274.25,5208.25,5268.75,BSU,-3,2.5,-63.5,66,-279,15.75,-18.25,5200,5261,10.75,7.75,71.75,68.75,1,1,1,,
331,4/10/2024,3/26/1914,5226.5,5185,5199.5,BSU,-0.25,26.75,-14.75,41.5,-279,-69,-18.25,5201,5262,-62.25,-62.5,-1.25,-1.5,0,0,0,,
332,4/11/2024,4/14/1914,5257.5,5181.75,5242.5,BRSU,23.75,38.75,-37,75.75,-279,19.25,-18.25,5241,5276,-57.25,-33.5,-22.25,1.5,0,0,0,,
333,4/12/2024,3/31/1914,5218.75,5150,5170.25,MRLU,-34,14.5,-54.25,68.75,-279,-38.25,-18.25,5164,5235,-30.75,-64.75,40.25,6.25,0,0,0,,
334,4/15/2024,4/7/1914,5213,5094,5100,BRSU,-111.25,1.75,-117.25,119,-279,41,-18.25,5185,5215,-3.75,-115,26.25,-85,0,0,0,,
335,4/16/2024,12/24/1913,5123.25,5078.75,5092.25,BSU,-14.75,16.25,-28.25,44.5,-279,7,-18.25,5185,5210,-103,-117.75,-78,-92.75,0,0,0,,
336,4/17/2024,1/3/1914,5119,5047,5061.25,BRSU,-56.25,1.5,-70.5,72,-279,25.25,-18.25,5107,5132,-14.5,-70.75,10.5,-45.75,0,0,0,,
337,4/18/2024,11/20/1913,5095.25,5038.5,5050.5,BSU,-23.25,21.5,-35.25,56.75,-279,12.5,-18.25,5106,5132,-58.25,-81.5,-32.25,-55.5,0,0,0,,
338,4/19/2024,10/25/1913,5058,4991.25,5003.25,MRSU,-44,10.75,-56,66.75,-279,-3.25,-18.25,5063,5099,-51.75,-95.75,-15.75,-59.75,0,0,0,,
339,4/19/2024,,,,,BRSU,0,0,0,0,-279,-5003.25,-18.25,5052,5057,-5057,-5057,-5052,-5052,,0,0,,
340,4/22/2024,,,,,BRSD,0,0,0,0,-279,0,-18.25,5052,5041,-5041,-5041,-5052,-5052,,0,0,,
341,4/23/2024,,,,,,0,0,0,0,-279,0,-18.25,,,0,0,0,0,,0,0,,
342,4/24/2024,,,,,,0,0,0,0,-279,0,-18.25,,,0,0,0,0,,0,0,,
343,4/25/2024,,,,,,0,0,0,0,-279,0,-18.25,,,0,0,0,0,,0,0,,
344,4/26/2024,,,,,,0,0,0,0,-279,0,-18.25,,,0,0,0,0,,0,0,,
345,4/29/2024,,,,,,0,0,0,0,-279,0,-18.25,,,0,0,0,0,,0,0,,
346,4/30/2024,,,,,,0,0,0,0,-279,0,-18.25,,,0,0,0,0,,0,0,,
347,5/1/2024,,,,,,0,0,0,0,-279,0,-18.25,,,0,0,0,0,,0,0,,
348,5/2/2024,,,,,,0,0,0,0,-279,0,-18.25,,,0,0,0,0,,0,0,,
349,5/3/2024,,,,,,0,0,0,0,-279,0,-18.25,,,0,0,0,0,,0,0,,
350,5/6/2024,,,,,,0,0,0,0,-279,0,-18.25,,,0,0,0,0,,0,0,,
351,5/7/2024,,,,,,0,0,0,0,-279,0,-18.25,,,0,0,0,0,,0,0,,
352,5/8/2024,,,,,,0,0,0,0,-279,0,-18.25,,,0,0,0,0,,0,0,,
353,5/9/2024,,,,,,0,0,0,0,-279,0,-18.25,,,0,0,0,0,,0,0,,
354,5/10/2024,,,,,,0,0,0,0,-279,0,-18.25,,,0,0,0,0,,0,0,,
355,5/13/2024,,,,,,0,0,0,0,-279,0,-18.25,,,0,0,0,0,,0,0,,
356,5/14/2024,,,,,,0,0,0,0,-279,0,-18.25,,,0,0,0,0,,0,0,,
357,5/15/2024,,,,,,0,0,0,0,-279,0,-18.25,,,0,0,0,0,,0,0,,
358,5/16/2024,,,,,,0,0,0,0,-279,0,-18.25,,,0,0,0,0,,0,0,,
359,5/17/2024,,,,,,0,0,0,0,-279,0,-18.25,,,0,0,0,0,,0,0,,
360,5/20/2024,,,,,,0,0,0,0,-279,0,-18.25,,,0,0,0,0,,0,0,,
361,5/21/2024,,,,,,0,0,0,0,-279,0,-18.25,,,0,0,0,0,,0,0,,
362,5/22/2024,,,,,,0,0,0,0,-279,0,-18.25,,,0,0,0,0,,0,0,,
363,5/23/2024,,,,,,0,0,0,0,-279,0,-18.25,,,0,0,0,0,,0,0,,
364,5/24/2024,,,,,,0,0,0,0,-279,0,-18.25,,,0,0,0,0,,0,0,,
365,5/27/2024,,,,,,0,0,0,0,-279,0,-18.25,,,0,0,0,0,,0,0,,
366,5/28/2024,,,,,,0,0,0,0,-279,0,-18.25,,,0,0,0,0,,0,0,,
367,5/29/2024,,,,,,0,0,0,0,-279,0,-18.25,,,0,0,0,0,,0,0,,
368,5/30/2024,,,,,,0,0,0,0,-279,0,-18.25,,,0,0,0,0,,0,0,,
369,5/31/2024,,,,,,0,0,0,0,-279,0,-18.25,,,0,0,0,0,,0,0,,
370,6/3/2024,,,,,,0,0,0,0,-279,0,-18.25,,,0,0,0,0,,0,0,,
371,6/4/2024,,,,,,0,0,0,0,-279,0,-18.25,,,0,0,0,0,,0,0,,
372,6/5/2024,,,,,,0,0,0,0,-279,0,-18.25,,,0,0,0,0,,0,0,,
373,6/6/2024,,,,,,0,0,0,0,-279,0,-18.25,,,0,0,0,0,,0,0,,
374,6/7/2024,,,,,,0,0,0,0,-279,0,-18.25,,,0,0,0,0,,0,0,,
375,6/10/2024,,,,,,0,0,0,0,-279,0,-18.25,,,0,0,0,0,,0,0,,
376,6/11/2024,,,,,,0,0,0,0,-279,0,-18.25,,,0,0,0,0,,0,0,,
377,6/12/2024,,,,,,0,0,0,0,-279,0,-18.25,,,0,0,0,0,,0,0,,
378,6/13/2024,,,,,,0,0,0,0,-279,0,-18.25,,,0,0,0,0,,0,0,,
379,6/14/2024,,,,,,0,0,0,0,-279,0,-18.25,,,0,0,0,0,,0,0,,
380,6/17/2024,,,,,,0,0,0,0,-279,0,-18.25,,,0,0,0,0,,0,0,,
381,6/18/2024,,,,,,0,0,0,0,-279,0,-18.25,,,0,0,0,0,,0,0,,
382,6/19/2024,,,,,,0,0,0,0,-279,0,-18.25,,,0,0,0,0,,0,0,,
383,6/20/2024,,,,,,0,0,0,0,-279,0,-18.25,,,0,0,0,0,,0,0,,
384,6/21/2024,,,,,,0,0,0,0,-279,0,-18.25,,,0,0,0,0,,0,0,,
385,6/24/2024,,,,,,0,0,0,0,-279,0,-18.25,,,0,0,0,0,,0,0,,
386,6/25/2024,,,,,,0,0,0,0,-279,0,-18.25,,,0,0,0,0,,0,0,,
387,6/26/2024,,,,,,0,0,0,0,-279,0,-18.25,,,0,0,0,0,,0,0,,
388,6/27/2024,,,,,,0,0,0,0,-279,0,-18.25,,,0,0,0,0,,0,0,,
389,6/28/2024,,,,,,0,0,0,0,-279,0,-18.25,,,0,0,0,0,,0,0,,
390,7/1/2024,,,,,,0,0,0,0,-279,0,-18.25,,,0,0,0,0,,0,0,,
391,7/2/2024,,,,,,0,0,0,0,-279,0,-18.25,,,0,0,0,0,,0,0,,
392,7/3/2024,,,,,,0,0,0,0,-279,0,-18.25,,,0,0,0,0,,0,0,,
393,7/4/2024,,,,,,0,0,0,0,-279,0,-18.25,,,0,0,0,0,,0,0,,
394,7/5/2024,,,,,,0,0,0,0,-279,0,-18.25,,,0,0,0,0,,0,0,,
395,7/8/2024,,,,,,0,0,0,0,-279,0,-18.25,,,0,0,0,0,,0,0,,
396,7/9/2024,,,,,,0,0,0,0,-279,0,-18.25,,,0,0,0,0,,0,0,,
397,7/10/2024,,,,,,0,0,0,0,-279,0,-18.25,,,0,0,0,0,,0,0,,
398,7/11/2024,,,,,,0,0,0,0,-279,0,-18.25,,,0,0,0,0,,0,0,,
399,7/12/2024,,,,,,0,0,0,0,-279,0,-18.25,,,0,0,0,0,,0,0,,
400,7/15/2024,,,,,,0,0,0,0,-279,0,-18.25,,,0,0,0,0,,0,0,,
401,7/16/2024,,,,,,0,0,0,0,-279,0,-18.25,,,0,0,0,0,,0,0,,
402,7/17/2024,,,,,,0,0,0,0,-279,0,-18.25,,,0,0,0,0,,0,0,,
403,7/18/2024,,,,,,0,0,0,0,-279,0,-18.25,,,0,0,0,0,,0,0,,
404,7/19/2024,,,,,,0,0,0,0,-279,0,-18.25,,,0,0,0,0,,0,0,,
405,7/22/2024,,,,,,0,0,0,0,-279,0,-18.25,,,0,0,0,0,,0,0,,
406,7/23/2024,,,,,,0,0,0,0,-279,0,-18.25,,,0,0,0,0,,0,0,,
407,7/24/2024,,,,,,0,0,0,0,-279,0,-18.25,,,0,0,0,0,,0,0,,
408,7/25/2024,,,,,,0,0,0,0,-279,0,-18.25,,,0,0,0,0,,0,0,,
409,7/26/2024,,,,,,0,0,0,0,-279,0,-18.25,,,0,0,0,0,,0,0,,
410,7/29/2024,,,,,,0,0,0,0,-279,0,-18.25,,,0,0,0,0,,0,0,,
411,7/30/2024,,,,,,0,0,0,0,-279,0,-18.25,,,0,0,0,0,,0,0,,
412,7/31/2024,,,,,,0,0,0,0,-279,0,-18.25,,,0,0,0,0,,0,0,,
413,8/1/2024,,,,,,0,0,0,0,-279,0,-18.25,,,0,0,0,0,,0,0,,
414,8/2/2024,,,,,,0,0,0,0,-279,0,-18.25,,,0,0,0,0,,0,0,,
415,8/5/2024,,,,,,0,0,0,0,-279,0,-18.25,,,0,0,0,0,,0,0,,
416,8/6/2024,,,,,,0,0,0,0,-279,0,-18.25,,,0,0,0,0,,0,0,,
417,8/7/2024,,,,,,0,0,0,0,-279,0,-18.25,,,0,0,0,0,,0,0,,
418,8/8/2024,,,,,,0,0,0,0,-279,0,-18.25,,,0,0,0,0,,0,0,,
419,8/9/2024,,,,,,0,0,0,0,-279,0,-18.25,,,0,0,0,0,,0,0,,
420,8/12/2024,,,,,,0,0,0,0,-279,0,-18.25,,,0,0,0,0,,0,0,,
421,8/13/2024,,,,,,0,0,0,0,-279,0,-18.25,,,0,0,0,0,,0,0,,
422,8/14/2024,,,,,,0,0,0,0,-279,0,-18.25,,,0,0,0,0,,0,0,,
423,8/15/2024,,,,,,0,0,0,0,-279,0,-18.25,,,0,0,0,0,,0,0,,
424,8/16/2024,,,,,,0,0,0,0,-279,0,-18.25,,,0,0,0,0,,0,0,,
425,8/19/2024,,,,,,0,0,0,0,-279,0,-18.25,,,0,0,0,0,,0,0,,
426,8/20/2024,,,,,,0,0,0,0,-279,0,-18.25,,,0,0,0,0,,0,0,,
427,8/21/2024,,,,,,0,0,0,0,-279,0,-18.25,,,0,0,0,0,,0,0,,
428,8/22/2024,,,,,,0,0,0,0,-279,0,-18.25,,,0,0,0,0,,0,0,,
429,8/23/2024,,,,,,0,0,0,0,-279,0,-18.25,,,0,0,0,0,,0,0,,
430,8/26/2024,,,,,,0,0,0,0,-279,0,-18.25,,,0,0,0,0,,0,0,,
431,8/27/2024,,,,,,0,0,0,0,-279,0,-18.25,,,0,0,0,0,,0,0,,
432,8/28/2024,,,,,,0,0,0,0,-279,0,-18.25,,,0,0,0,0,,0,0,,
433,8/29/2024,,,,,,0,0,0,0,-279,0,-18.25,,,0,0,0,0,,0,0,,
434,8/30/2024,,,,,,0,0,0,0,-279,0,-18.25,,,0,0,0,0,,0,0,,
435,9/2/2024,,,,,,0,0,0,0,-279,0,-18.25,,,0,0,0,0,,0,0,,
436,9/3/2024,,,,,,0,0,0,0,-279,0,-18.25,,,0,0,0,0,,0,0,,
437,9/4/2024,,,,,,0,0,0,0,-279,0,-18.25,,,0,0,0,0,,0,0,,
438,9/5/2024,,,,,,0,0,0,0,-279,0,-18.25,,,0,0,0,0,,0,0,,
439,9/6/2024,,,,,,0,0,0,0,-279,0,-18.25,,,0,0,0,0,,0,0,,
440,9/9/2024,,,,,,0,0,0,0,-279,0,-18.25,,,0,0,0,0,,0,0,,
441,9/10/2024,,,,,,0,0,0,0,-279,0,-18.25,,,0,0,0,0,,0,0,,
442,9/11/2024,,,,,,0,0,0,0,-279,0,-18.25,,,0,0,0,0,,0,0,,
443,9/12/2024,,,,,,0,0,0,0,-279,0,-18.25,,,0,0,0,0,,0,0,,
444,9/13/2024,,,,,,0,0,0,0,-279,0,-18.25,,,0,0,0,0,,0,0,,
445,9/16/2024,,,,,,0,0,0,0,-279,0,-18.25,,,0,0,0,0,,0,0,,
446,9/17/2024,,,,,,0,0,0,0,-279,0,-18.25,,,0,0,0,0,,0,0,,
447,9/18/2024,,,,,,0,0,0,0,-279,0,-18.25,,,0,0,0,0,,0,0,,
448,9/19/2024,,,,,,0,0,0,0,-279,0,-18.25,,,0,0,0,0,,0,0,,
449,9/20/2024,,,,,,0,0,0,0,-279,0,-18.25,,,0,0,0,0,,0,0,,
450,9/23/2024,,,,,,0,0,0,0,-279,0,-18.25,,,0,0,0,0,,0,0,,
451,9/24/2024,,,,,,0,0,0,0,-279,0,-18.25,,,0,0,0,0,,0,0,,
452,9/25/2024,,,,,,0,0,0,0,-279,0,-18.25,,,0,0,0,0,,0,0,,
453,9/26/2024,,,,,,0,0,0,0,-279,0,-18.25,,,0,0,0,0,,0,0,,
454,9/27/2024,,,,,,0,0,0,0,-279,0,-18.25,,,0,0,0,0,,0,0,,
455,9/30/2024,,,,,,0,0,0,0,-279,0,-18.25,,,0,0,0,0,,0,0,,
456,10/1/2024,,,,,,0,0,0,0,-279,0,-18.25,,,0,0,0,0,,0,0,,
457,10/2/2024,,,,,,0,0,0,0,-279,0,-18.25,,,0,0,0,0,,0,0,,
458,10/3/2024,,,,,,0,0,0,0,-279,0,-18.25,,,0,0,0,0,,0,0,,
459,10/4/2024,,,,,,0,0,0,0,-279,0,-18.25,,,0,0,0,0,,0,0,,
460,10/7/2024,,,,,,0,0,0,0,-279,0,-18.25,,,0,0,0,0,,0,0,,
461,10/8/2024,,,,,,0,0,0,0,-279,0,-18.25,,,0,0,0,0,,0,0,,
462,10/9/2024,,,,,,0,0,0,0,-279,0,-18.25,,,0,0,0,0,,0,0,,
463,10/10/2024,,,,,,0,0,0,0,-279,0,-18.25,,,0,0,0,0,,0,0,,
464,10/11/2024,,,,,,0,0,0,0,-279,0,-18.25,,,0,0,0,0,,0,0,,
465,10/14/2024,,,,,,0,0,0,0,-279,0,-18.25,,,0,0,0,0,,0,0,,
466,10/15/2024,,,,,,0,0,0,0,-279,0,-18.25,,,0,0,0,0,,0,0,,
467,10/16/2024,,,,,,0,0,0,0,-279,0,-18.25,,,0,0,0,0,,0,0,,
468,10/17/2024,,,,,,0,0,0,0,-279,0,-18.25,,,0,0,0,0,,0,0,,
469,10/18/2024,,,,,,0,0,0,0,-279,0,-18.25,,,0,0,0,0,,0,0,,
470,10/21/2024,,,,,,0,0,0,0,-279,0,-18.25,,,0,0,0,0,,0,0,,
471,10/22/2024,,,,,,0,0,0,0,-279,0,-18.25,,,0,0,0,0,,0,0,,
472,10/23/2024,,,,,,0,0,0,0,-279,0,-18.25,,,0,0,0,0,,0,0,,
473,10/24/2024,,,,,,0,0,0,0,-279,0,-18.25,,,0,0,0,0,,0,0,,
474,10/25/2024,,,,,,0,0,0,0,-279,0,-18.25,,,0,0,0,0,,0,0,,
